#include "lookup_form.h"

uint32_t five_step_ranks[] = {0x0, 0x1511, 0x160e, 0x19a1, 0x19b1, 0x19b8, 0x1a0d, 0x1afa, 0x2d90, 0x2e20, 
0x2e52, 0x2f27, 0x2fd6, 0x3342, 0x3352, 0x3359, 0x342c, 0x35e1, 0x42a1, 0x439e, 
0x4731, 0x473b, 0x4745, 0x474d, 0x4769, 0x47bf, 0x47df, 0x4878, 0x49bf, 0x4a1d, 
0x4a2b, 0x4a2f, 0x4a3c, 0x4a58, 0x4bb4, 0x4c5e, 0x5608, 0x5636, 0x5ae9, 0x60dd, 
0x60ed, 0x6101, 0x6269, 0x6336, 0x63a0, 0x63b7, 0x63bb, 0x63d1, 0x6433, 0x6447, 
0x645b, 0x6465, 0x6486, 0x6508, 0x6688, 0x6694, 0x66ab, 0x66b8, 0x670d, 0x671a, 
0x6728, 0x676e, 0x67d9, 0x6aba, 0x6b86, 0x6c3e, 0x6c54, 0x6d83, 0x6f19, 0x6f23, 
0x6f31, 0x6f40, 0x70bd, 0x716e, 0x7600, 0x7a80, 0x7a9c, 0x7a9d, 0x7bff, 0x7c16, 
0x7cd5, 0x7e9c, 0x80b8, 0x82ad, 0x82fe, 0x8318, 0x8325, 0x838e, 0x83a7, 0x8442, 
0x886c, 0x891a, 0x8960, 0x8cec, 0x8e85, 0x8e96, 0x8e9e, 0x8eac, 0x8eb6, 0x8ebd, 
0x8f10, 0x8f2a, 0x910a, 0x954b, 0x96bb, 0x971d, 0x9725, 0x973c, 0x98b7, 0x995e, 
0x997e, 0x9cbf, 0x9cd8, 0x9cdc, 0x9ded, 0x9f3a, 0xa289, 0xa2a3, 0xa310, 0xa350, 
0xa550, 0xa55a, 0xa566, 0xa57e, 0xa5e2, 0xa5ea, 0xa5fa, 0xa6b3, 0xaa34, 0xaaac, 
0xae86, 0xae8d, 0xaf66, 0xb093, 0xb0b1, 0xb0d5, 0xb0dc, 0xb0eb, 0xb160, 0xb1b0, 
0xb31a, 0xb383, 0xb387, 0xb3a3, 0xb3c2, 0xb3d2, 0xb431, 0xb4d4, 0xb69c, 0xbbef, 
0xbc4f, 0xbc53, 0xbe41, 0xbef2, 0xbefe, 0xbf07, 0xbf36, 0xbf92, 0xc517, 0xc638, 
0xc77f, 0xc795, 0xc7a7, 0xc8cd, 0xc900, 0xca20, 0xca62, 0xca65, 0xca71, 0xccc8, 
0xcff4, 0xd002, 0xd013, 0xd16b, 0xd18b, 0xd235, 0xd2d2, 0xd2d8, 0xd544, 0xd822, 
0xdb45, 0xdb59, 0xdb61, 0xdbd3, 0xdbf3, 0xddd3, 0xe0fb, 0xe107, 0xe12b, 0xe14f, 
0xe187, 0xe18d, 0xe19b, 0xe395, 0xe98a, 0xe9a0, 0xe9bf, 0xeacf, 0xec1c, 0xec65, 
0xec7d, 0xec8c, 0xedd7, 0xef41, 0xef5d, 0xef5e, 0xef61, 0xef9e, 0xefea, 0xf0c0, 
0xf13c, 0xf4e6, 0xf500, 0xf50d, 0xf52c, 0xf576, 0xf58f, 0xf7c5, 0xf7f4, 0xf866, 
0xfa54, 0xfe04, 0x10112, 0x10326, 0x10358, 0x103ce, 0x1047e, 0x1055c, 0x105bb, 0x10bb9, 
0x10bc9, 0x10bdd, 0x10bee, 0x10d35, 0x10e7c, 0x10e87, 0x10e93, 0x10e97, 0x10ead, 0x10f0f, 
0x10f41, 0x10f8e, 0x10fe4, 0x1145c, 0x1146d, 0x11475, 0x1148d, 0x11491, 0x114c9, 0x114e7, 
0x11501, 0x116e1, 0x1172e, 0x11742, 0x1174a, 0x11761, 0x118dc, 0x11983, 0x11ad2, 0x11b4a, 
0x11ed5, 0x12104, 0x12294, 0x12303, 0x1234e, 0x12470, 0x12669, 0x126b4, 0x12dfd, 0x12e21, 
0x12e28, 0x13066, 0x130cf, 0x130d3, 0x130ef, 0x1311e, 0x13133, 0x13161, 0x1317d, 0x13220, 
0x1336d, 0x133b3, 0x133bf, 0x133c8, 0x133f7, 0x13430, 0x13453, 0x13649, 0x1370c, 0x138be, 
0x13967, 0x1397d, 0x139d7, 0x13ab5, 0x13c4a, 0x13c4d, 0x13c59, 0x142a7, 0x14605, 0x1479b, 
0x147b4, 0x147b8, 0x148c9, 0x14b33, 0x14d7f, 0x15006, 0x1502c, 0x15036, 0x15042, 0x1505a, 
0x150d6, 0x1522b, 0x152be, 0x15441, 0x15588, 0x15891, 0x158c9, 0x158e3, 0x15950, 0x15990, 
0x15a8f, 0x15ccd, 0x15e30, 0x15e63, 0x15e80, 0x15ead, 0x15f5e, 0x160de, 0x1610e, 0x1615c, 
0x16174, 0x161c3, 0x16236, 0x1628f, 0x163be, 0x1641b, 0x16431, 0x16449, 0x164ad, 0x164b5, 
0x166ce, 0x1671c, 0x1672b, 0x167a0, 0x167f0, 0x1695a, 0x169e3, 0x16a02, 0x16cb2, 0x16cc6, 
0x16ce0, 0x16df9, 0x17508, 0x1754d, 0x17567, 0x17679, 0x17821, 0x1784e, 0x17894, 0x17aaf, 
0x17c20, 0x17db9, 0x17de0, 0x17df1, 0x17e44, 0x17e5e, 0x180af, 0x180c7, 0x18189, 0x18311, 
0x18330, 0x18659, 0x18670, 0x18673, 0x18743, 0x1874e, 0x188b2, 0x18c19, 0x18c33, 0x18e97, 
0x18eee, 0x18f08, 0x18fc7, 0x1901a, 0x19145, 0x19254, 0x192f0, 0x1932f, 0x1938c, 0x1945b, 
0x194ac, 0x194bb, 0x194bf, 0x19580, 0x196ad, 0x196ea, 0x19a24, 0x19b57, 0x19c32, 0x19d30, 
0x1a0fc, 0x1a584, 0x1a59a, 0x1a5fc, 0x1a610, 0x1a624, 0x1a64e, 0x1a64f, 0x1a6d1, 0x1a868, 
0x1a87c, 0x1a885, 0x1a92c, 0x1a9a6, 0x1a9e4, 0x1ab1a, 0x1ae30, 0x1ae3c, 0x1afad, 0x1b0e8, 
0x1b0ff, 0x1b161, 0x1b16e, 0x1b1c2, 0x1b50e, 0x1b699, 0x1b6a3, 0x1b7c9, 0x1bf15, 0x1bfa3, 
0x1bfc3, 0x1bffd, 0x1c213, 0x1c220, 0x1c23c, 0x1c333, 0x1c398, 0x1c3f6, 0x1c442, 0x1c480, 
0x1c5f5, 0x1c8e4, 0x1cea7, 0x1cf58, 0x1cfda, 0x1d006, 0x1d166, 0x1d5dd, 0x1d5f7, 0x1d66d, 
0x1d6c2, 0x1db9c, 0x1dbb8, 0x1dbd1, 0x1dd32, 0x1dd8c, 0x1de82, 0x1de8f, 0x1deae, 0x1debf, 
0x1def8, 0x1df11, 0x1dfdc, 0x1e0d8, 0x1e147, 0x1e18f, 0x1e1e8, 0x1e247, 0x1e3d6, 0x1e427, 
0x1e484, 0x1e4d0, 0x1e5a6, 0x1e622, 0x1e6d8, 0x1e735, 0x1f80d, 0x1f83d, 0x1f861, 0x1f899, 
0x1f8ad, 0x1fa8f, 0x1faec, 0x1fdc3, 0x1fdd9, 0x1fdf8, 0x1fefb, 0x1ffcc, 0x20055, 0x200ac, 
0x200d6, 0x201d4, 0x2031e, 0x20407, 0x20664, 0x20743, 0x20932, 0x20951, 0x20bf8, 0x20c14, 
0x20c49, 0x20c9a, 0x20ca6, 0x21039, 0x211aa, 0x211d0, 0x2120a, 0x21264, 0x2148e, 0x2149e, 
0x2160f, 0x21d02, 0x21d11, 0x21d46, 0x21db9, 0x21e69, 0x21ebe, 0x21fa6, 0x227b8, 0x22951, 
0x22b3f, 0x22b4b, 0x22b5b, 0x22bb7, 0x22bd3, 0x22c25, 0x22e74, 0x22f2d, 0x23004, 0x23011, 
0x23144, 0x233d6, 0x23464, 0x23498, 0x234be, 0x235af, 0x23e60, 0x23f6c, 0x23f88, 0x240e4, 
0x24899, 0x24a63, 0x24da0, 0x24db9, 0x24f74, 0x250b2, 0x25329, 0x253b9, 0x253eb, 0x2540e, 
0x25bb4, 0x25bc4, 0x25c4a, 0x25c9e, 0x25f94, 0x25fea, 0x26015, 0x26075, 0x26167, 0x26175, 
0x262a5, 0x26378, 0x26385, 0x269fe, 0x26b68, 0x26ce8, 0x26eed, 0x272a3, 0x272d3, 0x27320, 
0x27325, 0x275fc, 0x27746, 0x27756, 0x277ae, 0x277ea, 0x27bc3, 0x27d18, 0x27dfc, 0x27e00, 
0x27e1c, 0x27e31, 0x27e60, 0x27e8e, 0x2809a, 0x2809f, 0x28107, 0x28221, 0x283b0, 0x2841f, 
0x2846a, 0x2848f, 0x28785, 0x28ad0, 0x28c1d, 0x28c43, 0x28c71, 0x28c7d, 0x28cd7, 0x28ef9, 
0x28f2e, 0x28fad, 0x29051, 0x290a6, 0x290f2, 0x290f7, 0x29204, 0x294c8, 0x29aa9, 0x29d68, 
0x2a308, 0x2a319, 0x2a33d, 0x2a375, 0x2a389, 0x2a393, 0x2a3ad, 0x2a58d, 0x2a899, 0x2a89f, 
0x2a8d4, 0x2a950, 0x2aaa8, 0x2abc2, 0x2ac6f, 0x2ad92, 0x2aef8, 0x2b3b7, 0x2b421, 0x2b422, 
0x2b441, 0x2b48b, 0x2b4a4, 0x2b4b3, 0x2b4bb, 0x2b66f, 0x2b9ba, 0x2b9c2, 0x2b9d6, 0x2ba17, 
0x2bb66, 0x2bbb5, 0x2bc20, 0x2bcac, 0x2bcc5, 0x2bce1, 0x2bd36, 0x2bd40, 0x2bd61, 0x2bdc4, 
0x2bf0b, 0x2bf6a, 0x2bf8e, 0x2bfbc, 0x2c122, 0x2c197, 0x2c8f6, 0x2cb79, 0x2cd3c, 0x2ce11, 
0x2ce36, 0x2ce52, 0x2cea8, 0x2cead, 0x2d00c, 0x2d37f, 0x2d502, 0x2d62f, 0x2d730, 0x2d961, 
0x2da0b, 0x2db4f, 0x2db59, 0x2dc00, 0x2dc0d, 0x2dc10, 0x2dc7d, 0x2df62, 0x2e464, 0x2e480, 
0x2e4a4, 0x2e4ae, 0x2e512, 0x2eac5, 0x2ed21, 0x2ede2, 0x2ee28, 0x2ee99, 0x2eeb0, 0x2f2fd, 
0x2f304, 0x2f356, 0x2f3ad, 0x2f4db, 0x2f5a0, 0x2f5bd, 0x2f5d5, 0x2f62a, 0x2f634, 0x2f63f, 
0x2f655, 0x2f8a1, 0x2fa16, 0x2fa8b, 0x2fadf, 0x2fb99, 0x2fc2a, 0x2fc34, 0x2fda5, 0x30408, 
0x30450, 0x30470, 0x304c0, 0x30705, 0x3072a, 0x30746, 0x3079c, 0x308b0, 0x308da, 0x30900, 
0x30c69, 0x30c85, 0x30c9d, 0x30ce6, 0x30cf7, 0x30d17, 0x30f78, 0x30f7c, 0x30fc8, 0x30fd5, 
0x3100f, 0x31023, 0x31103, 0x3116a, 0x31174, 0x31246, 0x31252, 0x312ac, 0x312f3, 0x313eb, 
0x31433, 0x31438, 0x31549, 0x315c1, 0x31aa5, 0x31ac5, 0x31ac9, 0x31ada, 0x31b0f, 0x31b28, 
0x31b37, 0x31b3f, 0x31ebb, 0x322a4, 0x325e3, 0x3262d, 0x3263e, 0x32690, 0x32691, 0x326a6, 
0x326d9, 0x3281d, 0x328ee, 0x32a66, 0x32c0b, 0x32c94, 0x32d81, 0x32ec1, 0x32ed8, 0x32f1e, 
0x32f6c, 0x32f79, 0x330ab, 0x33410, 0x3371f, 0x3373f, 0x33789, 0x337a2, 0x337b1, 0x337b9, 
0x33a24, 0x33ad1, 0x33af8, 0x33c33, 0x33d3c, 0x33f1a, 0x33f31, 0x341f7, 0x345ab, 0x345d0, 
0x345ec, 0x3461a, 0x34642, 0x34647, 0x34724, 0x347a6, 0x347aa, 0x34d5b, 0x34eca, 0x34ef0, 
0x3500e, 0x35038, 0x350fb, 0x35139, 0x3514e, 0x352e9, 0x352f3, 0x3539a, 0x35417, 0x35668, 
0x35672, 0x356a7, 0x356fc, 0x35706, 0x35727, 0x3594a, 0x35973, 0x35ae8, 0x35b5d, 0x35b98, 
0x35d69, 0x3612f, 0x362a2, 0x36516, 0x3651b, 0x3652b, 0x366f6, 0x36702, 0x36898, 0x36aeb, 
0x36c8d, 0x36da8, 0x36e4b, 0x36f92, 0x36f99, 0x37011, 0x37012, 0x3701f, 0x3707e, 0x37197, 
0x3721c, 0x37260, 0x372c6, 0x372fa, 0x37310, 0x37374, 0x378c0, 0x37a26, 0x37ab6, 0x37b02, 
0x37c5a, 0x37e9f, 0x37ec4, 0x37ee0, 0x37f36, 0x3809a, 0x383ec, 0x38403, 0x38472, 0x38480, 
0x38491, 0x384b7, 0x38716, 0x38904, 0x3890e, 0x38f50, 0x38f5c, 0x38f66, 0x38f9b, 0x38fc8, 
0x38ff0, 0x38ffa, 0x3901b, 0x393b0, 0x393dc, 0x39451, 0x3976b, 0x398d2, 0x3990c, 0x39a04, 
0x39a09, 0x39b39, 0x39b3a, 0x39b76, 0x39bae, 0x39d7d, 0x39da3, 0x39dc3, 0x39e0d, 0x39e26, 
0x39e29, 0x39e35, 0x39e3d, 0x39e6f, 0x39ea2, 0x3a0a8, 0x3a155, 0x3a615, 0x3a646, 0x3a7ab, 
0x3a848, 0x3a87b, 0x3abdf, 0x3abec, 0x3ac4b, 0x3ad64, 0x3ae00, 0x3b445, 0x3b479, 0x3b48f, 
0x3b4d3, 0x3b4f2, 0x3b4f3, 0x3b537, 0x3b67f, 0x3b748, 0x3b81f, 0x3baa7, 0x3bdbd, 0x3bdf3, 
0x3be45, 0x3c55b, 0x3c56b, 0x3c61d, 0x3c924, 0x3c95c, 0x3c9a5, 0x3cde6, 0x3cdf6, 0x3cea8, 
0x3ceb4, 0x3d1d2, 0x3d5ef, 0x3da6d, 0x3dd37, 0x3de42, 0x3de59, 0x3e010, 0x3e11b, 0x3e132, 
0x3e8ac, 0x3ead7, 0x3ed39, 0x3ed49, 0x3edfb, 0x3ee0c, 0x3f36a, 0x3f5c4, 0x3f5d4, 0x3f686, 
0x3f693, 0x3f9b0, 0x400b6, 0x4045d, 0x404ba, 0x40658, 0x40ac2, 0x40b28, 0x40b5d, 0x40c24, 
0x40c8c, 0x40d09, 0x40d1c, 0x40d4e, 0x4115a, 0x417f0, 0x41875, 0x4187e, 0x418b2, 0x41aa9, 
0x420f7, 0x421d6, 0x423a6, 0x423fb, 0x4246b, 0x425e9, 0x4262d, 0x4263d, 0x42699, 0x426b5, 
0x42dfe, 0x431f8, 0x434a4, 0x43744, 0x43752, 0x43962, 0x43af0, 0x43be1, 0x43cf5, 0x43d05, 
0x43d64, 0x43d8b, 0x43ddf, 0x44305, 0x4486c, 0x4488b, 0x44908, 0x44ae6, 0x44b4a, 0x44be4, 
0x44bee, 0x44c7b, 0x44c8b, 0x44ce1, 0x44dbc, 0x4517f, 0x452d0, 0x453bd, 0x453cd, 0x453d1, 
0x453d9, 0x45453, 0x4546b, 0x45567, 0x4564b, 0x4596f, 0x45973, 0x459a3, 0x459c7, 0x459ff, 
0x45a13, 0x46202, 0x46218, 0x46237, 0x4629c, 0x462a6, 0x462b3, 0x46343, 0x46494, 0x464dd, 
0x46589, 0x467b9, 0x46816, 0x46862, 0x4692a, 0x46938, 0x469b4, 0x46a67, 0x46d6e, 0x46d78, 
0x46d85, 0x46da4, 0x46de6, 0x46dee, 0x46e07, 0x4703d, 0x470da, 0x470de, 0x47195, 0x472cc, 
0x473d0, 0x4745e, 0x47b9e, 0x47bfb, 0x47c46, 0x47c52, 0x47cf6, 0x47e33, 0x48431, 0x48441, 
0x484d5, 0x486af, 0x486ff, 0x4870b, 0x48725, 0x4878d, 0x487b9, 0x489fd, 0x48a0a, 0x48a26, 
0x48abc, 0x48b1d, 0x48b33, 0x48b82, 0x48c2c, 0x48c66, 0x49263, 0x492f1, 0x492f8, 0x49311, 
0x49aa4, 0x49afe, 0x49b15, 0x49b27, 0x49b77, 0x49b84, 0x49b99, 0x49bd8, 0x49df5, 0x49f0e, 
0x49f24, 0x4a020, 0x4a055, 0x4a3aa, 0x4a527, 0x4aa6a, 0x4ab2f, 0x4ab85, 0x4ae6b, 0x4b44d, 
0x4b783, 0x4b797, 0x4b80f, 0x4b8ff, 0x4b9fd, 0x4ba51, 0x4ba67, 0x4bac9, 0x4badd, 0x4baf1, 
0x4bb1c, 0x4bb85, 0x4bb9e, 0x4bd27, 0x4bd43, 0x4bebd, 0x4c09f, 0x4c2cc, 0x4c2e6, 0x4c35c, 
0x4c36c, 0x4cddf, 0x4ce53, 0x4ce6c, 0x4ce7a, 0x4ce8b, 0x4cede, 0x4cef8, 0x4d3ca, 0x4d44c, 
0x4d492, 0x4d4b8, 0x4d688, 0x4d81e, 0x4d852, 0x4d8f3, 0x4d9cc, 0x4d9e3, 0x4da53, 0x4daea, 
0x4dc25, 0x4e0f4, 0x4e2f0, 0x4e2f7, 0x4e4c6, 0x4e546, 0x4e555, 0x4e5ca, 0x4e61a, 0x4e784, 
0x4e80d, 0x4e82c, 0x4eb06, 0x4eb75, 0x4f059, 0x4f1bf, 0x4f322, 0x4f355, 0x4f372, 0x4f40b, 
0x4f5d0, 0x4f91f, 0x4f939, 0x4f9a6, 0x4f9e6, 0x4fac5, 0x4fb44, 0x4fbe6, 0x4fbfc, 0x4fc14, 
0x4fc1b, 0x4fc78, 0x4fc80, 0x4fd7d, 0x5003c, 0x501ae, 0x501cd, 0x504a8, 0x504ac, 0x5051d, 
0x505d4, 0x50624, 0x5069a, 0x506d7, 0x508ce, 0x50a3f, 0x50ac8, 0x50c96, 0x50f9a, 0x51024, 
0x51078, 0x51264, 0x51290, 0x512dd, 0x513a8, 0x513fc, 0x51499, 0x5160d, 0x51687, 0x5183a, 
0x5185d, 0x51864, 0x5186e, 0x51892, 0x518b3, 0x518ca, 0x518e8, 0x51902, 0x51ae2, 0x52114, 
0x52697, 0x52d84, 0x52dc0, 0x52f02, 0x52f28, 0x52f32, 0x52f56, 0x52f7b, 0x52f90, 0x52fab, 
0x531ba, 0x532f0, 0x53464, 0x53484, 0x5353c, 0x53549, 0x53573, 0x535ce, 0x537ab, 0x5381a, 
0x53865, 0x53ab4, 0x53d4f, 0x53d5b, 0x53d5f, 0x53d7b, 0x53dbf, 0x53dd5, 0x53ded, 0x53df9, 
0x53ff9, 0x54072, 0x54669, 0x54671, 0x54672, 0x5472f, 0x54774, 0x54823, 0x5485f, 0x548b3, 
0x548ca, 0x548d6, 0x54923, 0x5492b, 0x54947, 0x54a2a, 0x54b60, 0x5523e, 0x552a5, 0x556fa, 
0x55707, 0x55726, 0x55770, 0x55789, 0x559bf, 0x55a60, 0x55c4e, 0x55c9f, 0x55cfc, 0x55d48, 
0x55e1e, 0x55e3c, 0x55e44, 0x55e9a, 0x55f50, 0x56466, 0x56b85, 0x57085, 0x570b5, 0x570b8, 
0x570d9, 0x57111, 0x57125, 0x571f0, 0x57232, 0x57364, 0x573b6, 0x57564, 0x5763b, 0x57651, 
0x57670, 0x578cd, 0x57924, 0x57b96, 0x581aa, 0x581c9, 0x581e9, 0x5828a, 0x58341, 0x58399, 
0x5841a, 0x58470, 0x5848c, 0x584b0, 0x5851e, 0x58a22, 0x58a48, 0x58a4f, 0x58a61, 0x58adc, 
0x58d06, 0x58d16, 0x58d58, 0x58ebe, 0x58f0b, 0x58f73, 0x59061, 0x59309, 0x59589, 0x59631, 
0x59692, 0x596e1, 0x5981e, 0x59b86, 0x59b95, 0x59c0a, 0x59c5a, 0x59ce2, 0x59cea, 0x59dc4, 
0x59e4d, 0x59e54, 0x59e6c, 0x59ec1, 0x59ecb, 0x59ed6, 0x5a450, 0x5a5b8, 0x5a972, 0x5a9d1, 
0x5a9d8, 0x5aa2a, 0x5aa81, 0x5ab62, 0x5abaf, 0x5af2c, 0x5af5f, 0x5af79, 0x5af85, 0x5afdf, 
0x5afe6, 0x5b026, 0x5b166, 0x5b4f9, 0x5b516, 0x5b774, 0x5bab1, 0x5bac7, 0x5bad5, 0x5badf, 
0x5bae6, 0x5bb34, 0x5bb43, 0x5bb4b, 0x5bd45, 0x5bd87, 0x5bdae, 0x5bdbf, 0x5be11, 0x5be12, 
0x5be27, 0x5be2c, 0x5c369, 0x5c380, 0x5c3c6, 0x5c414, 0x5c46c, 0x5c501, 0x5c553, 0x5c752, 
0x5c900, 0x5c917, 0x5ca92, 0x5cb59, 0x5cd66, 0x5cebc, 0x5d113, 0x5d192, 0x5d1a4, 0x5d20c, 
0x5d2fd, 0x5d4a1, 0x5d4f5, 0x5d538, 0x5d6a6, 0x5da21, 0x5da39, 0x5da82, 0x5da93, 0x5dab3, 
0x5dd14, 0x5dd18, 0x5dd64, 0x5ddab, 0x5ddb8, 0x5de60, 0x5de9f, 0x5df06, 0x5e099, 0x5e28e, 
0x5e29a, 0x5e355, 0x5e38a, 0x5e417, 0x5e552, 0x5e569, 0x5e5cb, 0x5e5d8, 0x5e5e6, 0x5e5f7, 
0x5e61d, 0x5e62c, 0x5e978, 0x5ec33, 0x5efd6, 0x5fa72, 0x5fbd3, 0x5fc1a, 0x5fc26, 0x5fc30, 
0x5fc90, 0x5fc92, 0x5fca6, 0x5fcba, 0x5fcc4, 0x5fce5, 0x5fd67, 0x5feb2, 0x5fefe, 0x5ff08, 
0x5ff12, 0x6007a, 0x6011b, 0x601e1, 0x601ee, 0x6020a, 0x60366, 0x60410, 0x60a47, 0x60a7b, 
0x60ad5, 0x60af4, 0x60af5, 0x60b39, 0x60c49, 0x60c81, 0x61367, 0x61368, 0x615ab, 0x615c5, 
0x615d1, 0x6163b, 0x61654, 0x61663, 0x6169d, 0x616d0, 0x61b0c, 0x61e43, 0x61e5b, 0x61e5f, 
0x61ea0, 0x61fd9, 0x6233c, 0x6261e, 0x627ae, 0x627e4, 0x62836, 0x62932, 0x62a4e, 0x62bbc, 
0x63225, 0x63235, 0x632b5, 0x632e7, 0x63611, 0x637d7, 0x637e7, 0x63843, 0x638a5, 0x63fa8, 
0x64159, 0x64911, 0x64bc6, 0x64bd6, 0x64c95, 0x64d70, 0x64dec, 0x653ae, 0x65607, 0x656b8, 
0x65949, 0x661d1, 0x66305, 0x66567, 0x66577, 0x6663a, 0x66651, 0x668b9, 0x66b19, 0x66b3f, 
0x66b6d, 0x66bc2, 0x66e44, 0x66e9a, 0x66f13, 0x66f18, 0x67053, 0x6716a, 0x673c4, 0x67617, 
0x67983, 0x679e0, 0x679f0, 0x67b0b, 0x67bc6, 0x68358, 0x683e5, 0x6842e, 0x68559, 0x68561, 
0x68562, 0x6856e, 0x68713, 0x687ba, 0x68837, 0x68a88, 0x68a8c, 0x68aa8, 0x68aec, 0x68b1a, 
0x68b26, 0x68d26, 0x68d93, 0x69189, 0x6954f, 0x696ea, 0x697e9, 0x698c7, 0x69917, 0x69936, 
0x69981, 0x69a71, 0x69b22, 0x69cb8, 0x6a06c, 0x6a0ad, 0x6a1c3, 0x6a431, 0x6a45c, 0x6a49e, 
0x6a5d7, 0x6a63c, 0x6a709, 0x6a71a, 0x6a73e, 0x6a776, 0x6a794, 0x6a7ae, 0x6a873, 0x6a98e, 
0x6af09, 0x6b43f, 0x6b523, 0x6b527, 0x6b5a0, 0x6b5b3, 0x6badd, 0x6bb31, 0x6bb8e, 0x6bc1e, 
0x6bd2c, 0x6bdbe, 0x6be1a, 0x6be36, 0x6be4a, 0x6be52, 0x6bf35, 0x6c0d9, 0x6c12e, 0x6c12f, 
0x6c19e, 0x6c1e5, 0x6c31c, 0x6c4b0, 0x6c645, 0x6c8b8, 0x6ce36, 0x6cec5, 0x6cedd, 0x6d2b7, 
0x6d4e0, 0x6d532, 0x6d5cf, 0x6d7ad, 0x6db6f, 0x6dca4, 0x6dcb3, 0x6dcfc, 0x6dd11, 0x6dd21, 
0x6dd70, 0x6dd81, 0x6dd8a, 0x6dd97, 0x6ddaf, 0x6dec6, 0x6e24f, 0x6e58c, 0x6e5b2, 0x6e611, 
0x6e61a, 0x6ee74, 0x6ee93, 0x6eec2, 0x6eece, 0x6ef72, 0x6f3d5, 0x6f3e1, 0x6f47b, 0x6f485, 
0x6f50e, 0x6f522, 0x6f557, 0x6f603, 0x6f653, 0x6f6b2, 0x6f6b6, 0x6f6be, 0x6f6c2, 0x6f722, 
0x6f72b, 0x6f738, 0x6f750, 0x6fa16, 0x6fac2, 0x6fb67, 0x6fdc5, 0x70047, 0x704ec, 0x70595, 
0x70845, 0x70878, 0x70906, 0x70d7a, 0x70d84, 0x70d91, 0x70dd6, 0x70df2, 0x70e06, 0x70e0e, 
0x70e13, 0x70ef1, 0x71049, 0x71095, 0x710e6, 0x710ea, 0x710eb, 0x711a1, 0x712d8, 0x7131f, 
0x713c7, 0x713d3, 0x71477, 0x715b4, 0x71ba0, 0x71ba7, 0x71bb3, 0x71bbf, 0x71bcd, 0x71c04, 
0x71c35, 0x71c61, 0x7270b, 0x7270f, 0x7273f, 0x7279b, 0x727af, 0x72c55, 0x72f9e, 0x73042, 
0x7304f, 0x730df, 0x730e3, 0x731d7, 0x7322d, 0x73230, 0x736bb, 0x736d7, 0x737d4, 0x737ed, 
0x7385d, 0x7387c, 0x73c50, 0x73d57, 0x73d8b, 0x741b7, 0x74256, 0x742ff, 0x74352, 0x744e8, 
0x7451c, 0x745bd, 0x7472f, 0x74905, 0x74a8d, 0x74ae5, 0x74b94, 0x74d73, 0x74e6e, 0x74fb8, 
0x75054, 0x75093, 0x750f0, 0x751bf, 0x75210, 0x75225, 0x75294, 0x7530e, 0x7544e, 0x754d7, 
0x754f6, 0x757b0, 0x757cf, 0x75cb8, 0x75cd9, 0x75ed0, 0x76152, 0x76162, 0x76298, 0x7642e, 
0x76451, 0x76535, 0x7667a, 0x76866, 0x769ed, 0x76cab, 0x76d0d, 0x76dfe, 0x7714b, 0x77167, 
0x771d4, 0x7726b, 0x77372, 0x7742a, 0x77449, 0x7786a, 0x77953, 0x77ac6, 0x77c81, 0x77cb6, 
0x77d21, 0x77d32, 0x77dc2, 0x77ded, 0x77e9e, 0x7849c, 0x78504, 0x78508, 0x78527, 0x78538, 
0x7857d, 0x78594, 0x785b2, 0x78690, 0x78a9e, 0x79068, 0x7908e, 0x79098, 0x790e1, 0x790f6, 
0x79111, 0x791be, 0x791e4, 0x79456, 0x795ea, 0x79613, 0x7999b, 0x7999e, 0x799aa, 0x79a4e, 
0x79b2b, 0x79c1e, 0x79c73, 0x79c74, 0x79d2a, 0x79dfa, 0x79e61, 0x79eb5, 0x79ecc, 0x79ed8, 
0x79f11, 0x79f25, 0x79f2d, 0x79f41, 0x79f49, 0x7a02c, 0x7a840, 0x7ad6a, 0x7ad77, 0x7adfc, 
0x7b3db, 0x7b57d, 0x7b589, 0x7b58d, 0x7b5ed, 0x7b5f6, 0x7b603, 0x7b61b, 0x7b627, 0x7b65b, 
0x7b6f7, 0x7b827, 0x7b8c7, 0x7b8ee, 0x7b902, 0x7b99f, 0x7baa5, 0x7be2a, 0x7bea3, 0x7beaf, 
0x7bf53, 0x7bfa2, 0x7c683, 0x7c6a9, 0x7c711, 0x7c718, 0x7c986, 0x7cd92, 0x7cf1e, 0x7cf2e, 
0x7cf8e, 0x7cf97, 0x7cfa4, 0x7cfbc, 0x7d182, 0x7d19c, 0x7d32e, 0x7d855, 0x7d8f2, 0x7db8c, 
0x7de7a, 0x7dfa5, 0x7e28b, 0x7e72b, 0x7e7c3, 0x7ebda, 0x7ebf6, 0x7ec2f, 0x7ec30, 0x7ece6, 
0x7ee1d, 0x7ee71, 0x7ee7c, 0x7eeb4, 0x7eecd, 0x7eee9, 0x7eefd, 0x7ef05, 0x7efe8, 0x7f0e7, 
0x7f142, 0x7f1f3, 0x7f283, 0x7f6ec, 0x7f6f0, 0x7f77c, 0x7f78c, 0x80028, 0x800bb, 0x80104, 
0x801e8, 0x801ff, 0x80529, 0x805b7, 0x805eb, 0x80658, 0x8072d, 0x80802, 0x808e6, 0x80924, 
0x80947, 0x8099c, 0x80a90, 0x80c26, 0x80ce4, 0x80d7c, 0x80e3f, 0x80f02, 0x81043, 0x81093, 
0x8113a, 0x81199, 0x811d7, 0x81318, 0x813f6, 0x8156d, 0x81a0d, 0x81a6c, 0x81b24, 0x81baf, 
0x81fa3, 0x81fec, 0x82017, 0x82152, 0x8215f, 0x82197, 0x8222b, 0x82295, 0x8229c, 0x822b5, 
0x822f3, 0x82436, 0x82512, 0x82527, 0x825c7, 0x8271d, 0x82839, 0x82877, 0x8289a, 0x828b2, 
0x828ba, 0x829e3, 0x82a39, 0x82adc, 0x82b29, 0x82b86, 0x82cc0, 0x82d92, 0x82df8, 0x82e22, 
0x82e55, 0x82f96, 0x834bd, 0x8390d, 0x8394e, 0x83986, 0x839bf, 0x83a77, 0x83b02, 0x83c36, 
0x83c56, 0x83c94, 0x83d5d, 0x83dd7, 0x83e1d, 0x83f6a, 0x83fc4, 0x83fe3, 0x84002, 0x840a5, 
0x84186, 0x84520, 0x84671, 0x846a8, 0x846ac, 0x846b0, 0x8476a, 0x847b4, 0x847f5, 0x84807, 
0x84942, 0x84966, 0x84c5e, 0x84c62, 0x84dfd, 0x84e2a, 0x84e2e, 0x84f3d, 0x851c1, 0x85248, 
0x85351, 0x85646, 0x85786, 0x8590f, 0x85bf7, 0x85c0f, 0x85c64, 0x85d63, 0x86005, 0x86016, 
0x8603d, 0x86059, 0x8605d, 0x8611c, 0x8613d, 0x861b8, 0x862e1, 0x8633a, 0x864d0, 0x864ee, 
0x86502, 0x86ffa, 0x87162, 0x87309, 0x8733a, 0x87438, 0x87444, 0x87507, 0x87536, 0x87597, 
0x876c2, 0x87826, 0x8786e, 0x879fa, 0x87a04, 0x87ab8, 0x87ae9, 0x87af5, 0x87b59, 0x87bce, 
0x87c7f, 0x87cc9, 0x87e5a, 0x87e88, 0x87e98, 0x87f39, 0x88994, 0x88dc6, 0x88f63, 0x88f78, 
0x89074, 0x89093, 0x893a9, 0x893ad, 0x8944a, 0x89463, 0x894b0, 0x8950c, 0x8954b, 0x89647, 
0x8995e, 0x89ad9, 0x89ae0, 0x89b1d, 0x89b7d, 0x89c37, 0x89d96, 0x89db5, 0x89dbf, 0x89ebc, 
0x8a086, 0x8a127, 0x8a762, 0x8aa3f, 0x8abcf, 0x8abd4, 0x8ace4, 0x8adde, 0x8adfe, 0x8ae4e, 
0x8ae5c, 0x8aeb8, 0x8afb8, 0x8b169, 0x8b305, 0x8b47c, 0x8b48c, 0x8b4c7, 0x8b51c, 0x8ba3a, 
0x8bb66, 0x8bb84, 0x8bce3, 0x8be0c, 0x8c106, 0x8c41e, 0x8c421, 0x8c57d, 0x8c6a8, 0x8cb2d, 
0x8cc3f, 0x8ce29, 0x8ce31, 0x8cec5, 0x8cf33, 0x8d0ac, 0x8d0b0, 0x8d0da, 0x8d235, 0x8d3d4, 
0x8d401, 0x8d405, 0x8d7ab, 0x8dabc, 0x8dac4, 0x8db7e, 0x8dbc8, 0x8dc1b, 0x8dd56, 0x8e4c4, 
0x8e620, 0x8e62c, 0x8e638, 0x8e77f, 0x8e88e, 0x8e8aa, 0x8ea0e, 0x8ea3a, 0x8ea4a, 0x8ea56, 
0x8eb9e, 0x8eebf, 0x8ef59, 0x8f055, 0x8f086, 0x8f19e, 0x8f1e7, 0x8f31b, 0x8f359, 0x8f3fa, 
0x8f463, 0x8f46d, 0x8f5cc, 0x8f6f2, 0x8f7ec, 0x8f847, 0x8fb7c, 0x8fe40, 0x8fe9b, 0x903eb, 
0x90430, 0x906d3, 0x9083f, 0x909f5, 0x90af2, 0x90b28, 0x90b35, 0x90b85, 0x90c94, 0x90ce0, 
0x90dbd, 0x90e0a, 0x90e16, 0x90e24, 0x90ee3, 0x90f37, 0x90fac, 0x90fca, 0x90fde, 0x91047, 
0x913ce, 0x913d2, 0x91488, 0x914d5, 0x91531, 0x9166c, 0x91983, 0x91afe, 0x91b05, 0x92004, 
0x921be, 0x924a7, 0x9262a, 0x9292b, 0x92a2b, 0x92a47, 0x92b42, 0x92b55, 0x92bd9, 0x92d27, 
0x92d4e, 0x92d6c, 0x92ecb, 0x92ff4, 0x93051, 0x9314a, 0x931c8, 0x931d8, 0x93e4b, 0x93fe0, 
0x93ffd, 0x94011, 0x94019, 0x940fc, 0x9416a, 0x9416d, 0x942c9, 0x942f5, 0x9434a, 0x943f4, 
0x94713, 0x94872, 0x94998, 0x94b3a, 0x94b62, 0x94b6f, 0x94c03, 0x95555, 0x95614, 0x95657, 
0x956b0, 0x957e7, 0x95bd2, 0x95bfc, 0x95c23, 0x95c47, 0x95d50, 0x95efb, 0x95f33, 0x95f6c, 
0x96028, 0x96177, 0x961b5, 0x961d1, 0x96307, 0x9649b, 0x96570, 0x968b8, 0x9694b, 0x96a55, 
0x96b2a, 0x96ba3, 0x96e71, 0x96ffc, 0x9703b, 0x970d7, 0x97574, 0x97594, 0x975b3, 0x975f5, 
0x976f8, 0x97834, 0x9787d, 0x97886, 0x979d4, 0x97a34, 0x97ace, 0x97b18, 0x97b40, 0x97b56, 
0x97b72, 0x97bce, 0x97ca4, 0x97ca8, 0x97d0c, 0x97e4e, 0x97f16, 0x97f7b, 0x983ee, 0x98422, 
0x984c3, 0x989b3, 0x989d7, 0x98ae0, 0x98f4f, 0x98f8e, 0x990fc, 0x991aa, 0x99227, 0x992a3, 
0x99375, 0x994c7, 0x994e7, 0x99506, 0x995ee, 0x9964b, 0x99791, 0x997c9, 0x997e5, 0x998ba, 
0x99933, 0x99bfa, 0x99d6d, 0x9a2cc, 0x9a36f, 0x9a497, 0x9a54c, 0x9a624, 0x9a663, 0x9a6ae, 
0x9a6af, 0x9a723, 0x9a768, 0x9aba9, 0x9abc5, 0x9ac91, 0x9adb7, 0x9add9, 0x9ae9f, 0x9af3c, 
0x9afae, 0x9afec, 0x9b10d, 0x9b14e, 0x9b260, 0x9b2e4, 0x9b3de, 0x9b439, 0x9b6f7, 0x9b97e, 
0x9c53c, 0x9c5cc, 0x9c637, 0x9c7c0, 0x9c82c, 0x9c874, 0x9cafd, 0x9cd15, 0x9cdf2, 0x9ce73, 
0x9ce7b, 0x9ce87, 0x9cea4, 0x9cf37, 0x9d098, 0x9d102, 0x9d1cd, 0x9d329, 0x9d569, 0x9d586, 
0x9d68d, 0x9d6fe, 0x9d71b, 0x9d7cb, 0x9da7c, 0x9dbb6, 0x9ded3, 0x9df9a, 0x9e3d0, 0x9e4b6, 
0x9e4cf, 0x9e521, 0x9e73f, 0x9ea66, 0x9eacd, 0x9eb2d, 0x9ed18, 0x9eda8, 0x9edbf, 0x9edfc, 
0x9ee5c, 0x9ee6c, 0x9f280, 0x9f2b0, 0x9f2df, 0x9f2f3, 0x9f2fe, 0x9f306, 0x9f35a, 0x9f3bc, 
0x9f568, 0x9f7a4, 0x9f877, 0x9f92e, 0x9f9be, 0x9f9c5, 0x9fa0a, 0x9fb62, 0x9fdf7, 0xa012e, 
0xa03f7, 0xa05bd, 0xa06c3, 0xa0754, 0xa07f5, 0xa0c32, 0xa1249, 0xa129d, 0xa1319, 0xa1327, 
0xa1793, 0xa1abf, 0xa1b33, 0xa1ba1, 0xa1c85, 0xa1d89, 0xa1e2f, 0xa1e63, 0xa1ecb, 0xa1fdb, 
0xa200c, 0xa2086, 0xa20e7, 0xa2649, 0xa278d, 0xa27f3, 0xa28a2, 0xa295b, 0xa2ac2, 0xa2b37, 
0xa2bce, 0xa2c84, 0xa2d80, 0xa3181, 0xa3407, 0xa352f, 0xa3535, 0xa3ce5, 0xa3efd, 0xa3f54, 
0xa3fda, 0xa405b, 0xa4063, 0xa406f, 0xa408c, 0xa411f, 0xa412b, 0xa4288, 0xa4292, 0xa4318, 
0xa4578, 0xa45c0, 0xa47ea, 0xa4b0b, 0xa4b75, 0xa4c40, 0xa4d9e, 0xa4ee5, 0xa4f32, 0xa50bb, 
0xa52b5, 0xa52b8, 0xa53d9, 0xa5492, 0xa550c, 0xa5517, 0xa556c, 0xa5858, 0xa5893, 0xa597b, 
0xa5a50, 0xa5a8a, 0xa5ac8, 0xa5c2a, 0xa5c36, 0xa5d10, 0xa5d17, 0xa6102, 0xa618b, 0xa61d3, 
0xa679a, 0xa6a55, 0xa6a8b, 0xa6b05, 0xa6d55, 0xa6e77, 0xa7040, 0xa71f3, 0xa7203, 0xa720a, 
0xa7212, 0xa72a7, 0xa72ef, 0xa7396, 0xa7433, 0xa7452, 0xa78ca, 0xa7a7e, 0xa7aaa, 0xa7b84, 
0xa7c15, 0xa7cb6, 0xa7e6a, 0xa82a5, 0xa8431, 0xa8f7d, 0xa918e, 0xa926e, 0xa980b, 0xa99d1, 
0xa99ff, 0xa9ad5, 0xa9b7b, 0xa9baf, 0xa9c17, 0xa9dcf, 0xa9df3, 0xa9e36, 0xa9e98, 0xaa044, 
0xaa25c, 0xaa26c, 0xaa273, 0xaa280, 0xaa353, 0xaa40a, 0xaa49a, 0xaa8d3, 0xaa922, 0xaaa44, 
0xaac0a, 0xaaef8, 0xaaf1f, 0xaaf47, 0xaaf78, 0xaaf7c, 0xab07e, 0xab0d2, 0xab13f, 0xab1f6, 
0xab688, 0xaba59, 0xabc51, 0xabd7f, 0xabd86, 0xabf24, 0xabfe7, 0xac01b, 0xac028, 0xac0fe, 
0xac150, 0xac1a7, 0xac4ae, 0xac8ed, 0xac92a, 0xac98d, 0xaca2f, 0xacd62, 0xacdc7, 0xace57, 
0xace82, 0xad033, 0xad096, 0xad11e, 0xad133, 0xad1cc, 0xad751, 0xad7c0, 0xadc5c, 0xadcda, 
0xadd01, 0xadd15, 0xade0e, 0xade61, 0xade6b, 0xadff3, 0xae115, 0xae27e, 0xae2bd, 0xae3d0, 
0xae6f6, 0xaeac6, 0xaead0, 0xaec57, 0xaec9c, 0xaed17, 0xaedbb, 0xaee5c, 0xaf20b, 0xaf5fe, 
0xaf626, 0xaf648, 0xaf65d, 0xaf6c2, 0xafd45, 0xafd87, 0xafe83, 0xafed9, 0xaff6c, 0xb0084, 
0xb0153, 0xb01ec, 0xb061b, 0xb0638, 0xb0697, 0xb06fb, 0xb07b5, 0xb08ab, 0xb08f3, 0xb09d9, 
0xb0a35, 0xb0ad6, 0xb0b7e, 0xb0d52, 0xb1183, 0xb1261, 0xb12dd, 0xb135d, 0xb153a, 0xb15ae, 
0xb171d, 0xb1727, 0xb1812, 0xb1864, 0xb1904, 0xb1a28, 0xb1a88, 0xb1b02, 0xb1b43, 0xb1b76, 
0xb1ba0, 0xb1c4a, 0xb1cb4, 0xb21ae, 0xb2978, 0xb2df2, 0xb2e75, 0xb2ecb, 0xb2ee7, 0xb2f29, 
0xb2f86, 0xb2fd4, 0xb3081, 0xb31cb, 0xb3204, 0xb3227, 0xb3397, 0xb33c0, 0xb3496, 0xb34d7, 
0xb3523, 0xb353a, 0xb3643, 0xb368a, 0xb3771, 0xb390f, 0xb3b4e, 0xb3c22, 0xb3c2f, 0xb3d2c, 
0xb3dae, 0xb3f21, 0xb4060, 0xb408a, 0xb4104, 0xb48fd, 0xb4958, 0xb511b, 0xb512a, 0xb5242, 
0xb5249, 0xb52af, 0xb52f4, 0xb5466, 0xb54a5, 0xb55e1, 0xb5e90, 0xb613a, 0xb61f7, 0xb62b1, 
0xb62bc, 0xb62d1, 0xb647d, 0xb64ae, 0xb6509, 0xb6554, 0xb6581, 0xb65e0, 0xb663f, 0xb669c, 
0xb67fc, 0xb6840, 0xb69d8, 0xb6ab9, 0xb6b0f, 0xb6baa, 0xb6bc3, 0xb6c48, 0xb6c96, 0xb6c9f, 
0xb6ccb, 0xb6e12, 0xb6ec3, 0xb70c6, 0xb70e9, 0xb71f7, 0xb734b, 0xb73c6, 0xb7c7e, 0xb7da1, 
0xb7ec3, 0xb7f49, 0xb7fc7, 0xb80c7, 0xb80e1, 0xb81a0, 0xb81d2, 0xb8350, 0xb8363, 0xb836a, 
0xb846e, 0xb8817, 0xb892d, 0xb8a99, 0xb8b09, 0xb8b87, 0xb8bde, 0xb8c6c, 0xb8d00, 0xb8d6f, 
0xb938b, 0xb956c, 0xb9598, 0xb9620, 0xb9792, 0xb9b36, 0xb9e0f, 0xba088, 0xba0dd, 0xba1cd, 
0xba43b, 0xba53a, 0xba5ca, 0xbaa08, 0xbab31, 0xbac53, 0xbac8f, 0xbad77, 0xbafc9, 0xbb09e, 
0xbb11e, 0xbb3cc, 0xbb3d3, 0xbb4d7, 0xbb892, 0xbb96e, 0xbba90, 0xbbb94, 0xbbc3a, 0xbc222, 
0xbc2d0, 0xbc36b, 0xbc36f, 0xbc370, 0xbc3b4, 0xbc4d2, 0xbc5de, 0xbc5fa, 0xbc6c2, 0xbc724, 
0xbcdd3, 0xbcef4, 0xbcf3f, 0xbcffb, 0xbd4df, 0xbd4fd, 0xbdb9a, 0xbdc08, 0xbdc5c, 0xbdc72, 
0xbdc98, 0xbdd26, 0xbdd94, 0xbdea5, 0xbdfb9, 0xbdfd8, 0xbdfdc, 0xbe07c, 0xbe17b, 0xbe2ae, 
0xbe2b8, 0xbe2d1, 0xbe31d, 0xbe44b, 0xbe7fb, 0xbe805, 0xbe85b, 0xbe8a8, 0xbe8e3, 0xbe95b, 
0xbe9e7, 0xbeacb, 0xbf27e, 0xbf42c, 0xbf54b, 0xbf63a, 0xbf647, 0xbf6fc, 0xbf7f9, 0xbfd95, 
0xbfdf7, 0xbfec0, 0xbff2d, 0xbff30, 0xc00a9, 0xc027f, 0xc0297, 0xc0345, 0xc0760, 0xc07da, 
0xc0806, 0xc081f, 0xc0829, 0xc0873, 0xc092a, 0xc09b8, 0xc0ad4, 0xc0bad, 0xc0d1b, 0xc0e26, 
0xc14e8, 0xc159d, 0xc1694, 0xc16b0, 0xc17f6, 0xc1ff2, 0xc208e, 0xc2189, 0xc2190, 0xc222a, 
0xc23e3, 0xc2474, 0xc24af, 0xc24ee, 0xc26c2, 0xc2780, 0xc27cf, 0xc2914, 0xc2947, 0xc2a9c, 
0xc2b40, 0xc2e3f, 0xc2fdd, 0xc2fe4, 0xc3011, 0xc3179, 0xc34f8, 0xc356d, 0xc35ba, 0xc35fd, 
0xc39a3, 0xc3b21, 0xc3b36, 0xc3b6b, 0xc3d8a, 0xc3db4, 0xc3e97, 0xc4164, 0xc4335, 0xc4359, 
0xc43e9, 0xc4403, 0xc443a, 0xc4497, 0xc47d0, 0xc47f5, 0xc4831, 0xc497a, 0xc4a16, 0xc505b, 
0xc50a3, 0xc5d58, 0xc5d68, 0xc5e6a, 0xc61c4, 0xc630b, 0xc631f, 0xc635a, 0xc63af, 0xc65fe, 
0xc678b, 0xc68ad, 0xc6ad6, 0xc6afe, 0xc6b24, 0xc6b52, 0xc6f77, 0xc73de, 0xc7571, 0xc75be, 
0xc76f7, 0xc7798, 0xc7996, 0xc7b75, 0xc7cb5, 0xc7cb9, 0xc7d52, 0xc8154, 0xc81aa, 0xc81ff, 
0xc8321, 0xc86e4, 0xc8769, 0xc87be, 0xc8c04, 0xc8f19, 0xc8f5e, 0xc90ab, 0xc90af, 0xc90be, 
0xc90e3, 0xc90f3, 0xc9184, 0xc9267, 0xc92ce, 0xc9335, 0xc936a, 0xc95d4, 0xc965c, 0xc98af, 
0xc9959, 0xc9978, 0xc9b13, 0xc9b8c, 0xc9c99, 0xca0bb, 0xca128, 0xca474, 0xca4c2, 0xca8aa, 
0xca92c, 0xca949, 0xca9a1, 0xcaa2a, 0xcaa67, 0xcab37, 0xcad12, 0xcad1c, 0xcad29, 0xcad3d, 
0xcadb3, 0xcae80, 0xcaebe, 0xcaec1, 0xcafe0, 0xcaff7, 0xcaffe, 0xcb006, 0xcb05c, 0xcb2c5, 
0xcb4af, 0xcb525, 0xcb581, 0xcb58b, 0xcb76e, 0xcb7dd, 0xcb86d, 0xcb8e4, 0xcb94d, 0xcc2e2, 
0xcc34f, 0xcc3d4, 0xcc4c1, 0xccc65, 0xccc71, 0xccc8e, 0xccd46, 0xccdcd, 0xcce04, 0xcce61, 
0xcceb5, 0xcd0ea, 0xcd3b7, 0xcd4b1, 0xcd519, 0xcdc7b, 0xcdd93, 0xcdda9, 0xcddc8, 0xcdf1b, 
0xcdf20, 0xce054, 0xce07f, 0xce087, 0xce0eb, 0xce0f5, 0xce585, 0xce5a8, 0xce61d, 0xce622, 
0xce62c, 0xce633, 0xce698, 0xce900, 0xcea73, 0xcefb4, 0xcf124, 0xcf169, 0xcf185, 0xcf207, 
0xcf3ed, 0xcf3fd, 0xcf431, 0xcf446, 0xcf46e, 0xcf4ea, 0xcf5e9, 0xcf615, 0xcf73a, 0xcf77e, 
0xcf88a, 0xcf9a3, 0xcfa08, 0xcfa10, 0xcfa28, 0xcfa7c, 0xcfc8e, 0xcfe6c, 0xd041f, 0xd05aa, 
0xd0c4d, 0xd0d59, 0xd0e15, 0xd0e41, 0xd1069, 0xd107e, 0xd10e3, 0xd11c4, 0xd1343, 0xd13a2, 
0xd13b2, 0xd13bf, 0xd13d7, 0xd142b, 0xd1546, 0xd1583, 0xd1665, 0xd169e, 0xd18e2, 0xd19ca, 
0xd1df3, 0xd1f6a, 0xd2206, 0xd2216, 0xd2237, 0xd238d, 0xd24d9, 0xd24f9, 0xd2519, 0xd252f, 
0xd2807, 0xd2935, 0xd2954, 0xd2a37, 0xd2a54, 0xd2a7c, 0xd2a8d, 0xd2c08, 0xd2d53, 0xd2d6a, 
0xd2d7d, 0xd2ffc, 0xd307d, 0xd3093, 0xd3557, 0xd3596, 0xd3632, 0xd3833, 0xd3908, 0xd3b90, 
0xd3d29, 0xd3e7d, 0xd41ee, 0xd428e, 0xd438a, 0xd43f3, 0xd474a, 0xd4998, 0xd4fd0, 0xd5258, 
0xd54bf, 0xd5587, 0xd56db, 0xd573b, 0xd5750, 0xd5815, 0xd5cf5, 0xd6064, 0xd61ef, 0xd62f0, 
0xd6441, 0xd6592, 0xd661b, 0xd6650, 0xd6752, 0xd67aa, 0xd6813, 0xd68a5, 0xd68ca, 0xd68cc, 
0xd6922, 0xd6945, 0xd6a6d, 0xd6d29, 0xd6dc9, 0xd6e25, 0xd6e51, 0xd6e66, 0xd6e8e, 0xd6eff, 
0xd6fb4, 0xd708a, 0xd70ed, 0xd7104, 0xd7109, 0xd7178, 0xd7182, 0xd71a9, 0xd72b6, 0xd775d, 
0xd77cc, 0xd7e48, 0xd7f29, 0xd7fb1, 0xd7fb2, 0xd7ff0, 0xd8025, 0xd8103, 0xd8144, 0xd81bf, 
0xd8207, 0xd8238, 0xd8263, 0xd826d, 0xd8304, 0xd86b3, 0xd89b1, 0xd89b5, 0xd8a47, 0xd8cc0, 
0xd8eec, 0xd924a, 0xd95fc, 0xd9689, 0xd96c6, 0xd97cb, 0xd9b63, 0xd9bdf, 0xd9bf3, 0xd9c1e, 
0xda1af, 0xda34a, 0xda3d0, 0xda61e, 0xda71a, 0xda770, 0xda7f9, 0xda803, 0xda9b5, 0xdaa2b, 
0xdaa8f, 0xdaab2, 0xdacfa, 0xdaea8, 0xdafe5, 0xdaff2, 0xdb046, 0xdb085, 0xdb0c0, 0xdb0dd, 
0xdb144, 0xdb580, 0xdb5f9, 0xdb656, 0xdba12, 0xdba34, 0xdba8a, 0xdbafb, 0xdbb0e, 0xdbbac, 
0xdbcaa, 0xdbe28, 0xdbf85, 0xdc002, 0xdc06a, 0xdc0ea, 0xdc0f9, 0xdc246, 0xdc26f, 0xdc3d8, 
0xdc6cf, 0xdc83f, 0xdc8cd, 0xdc97f, 0xdc9cb, 0xdca6b, 0xdcdfe, 0xdce0b, 0xdcf35, 0xdcfe0, 
0xdd3a3, 0xdd433, 0xdd497, 0xdd551, 0xdd55e, 0xdd680, 0xdd68f, 0xdd6e1, 0xdd7c9, 0xdd7d1, 
0xdd872, 0xdd91a, 0xdd930, 0xddd82, 0xddffd, 0xde040, 0xde1e0, 0xde23d, 0xde302, 0xde491, 
0xde66f, 0xdea93, 0xdeb9a, 0xdebff, 0xdee9c, 0xdeeee, 0xdf01a, 0xdf02d, 0xdf5cf, 0xdf607, 
0xdf6f1, 0xdf7cd, 0xdf7f5, 0xdf8f8, 0xdfb6e, 0xdfb91, 0xdfc95, 0xdfc9c, 0xe0236, 0xe02ea, 
0xe0337, 0xe03b5, 0xe0421, 0xe05cb, 0xe06a0, 0xe09a6, 0xe09ce, 0xe0cfe, 0xe0dfa, 0xe0e94, 
0xe0f70, 0xe1092, 0xe10f1, 0xe1151, 0xe1532, 0xe1636, 0xe163d, 0xe19a5, 0xe1ad6, 0xe1d68, 
0xe2071, 0xe2236, 0xe235f, 0xe2481, 0xe24bd, 0xe2585, 0xe2661, 0xe270f, 0xe27ae, 0xe27af, 
0xe2af5, 0xe2f39, 0xe2fbc, 0xe2fc0, 0xe2fcd, 0xe30a5, 0xe30fb, 0xe3161, 0xe319c, 0xe31b0, 
0xe326b, 0xe32a8, 0xe32c4, 0xe3318, 0xe35b6, 0xe384b, 0xe384f, 0xe386a, 0xe391e, 0xe39ed, 
0xe3b09, 0xe3d00, 0xe3d6e, 0xe3dc2, 0xe3dfe, 0xe3e38, 0xe3e8c, 0xe3f8c, 0xe3fd8, 0xe413e, 
0xe4142, 0xe41e2, 0xe4afe, 0xe4b4d, 0xe4baa, 0xe4c10, 0xe4c3c, 0xe4c49, 0xe4cc7, 0xe4cfe, 
0xe4dfb, 0xe552f, 0xe56ab, 0xe579e, 0xe57aa, 0xe5881, 0xe593d, 0xe5adc, 0xe5aff, 0xe5ddc, 
0xe5e65, 0xe6029, 0xe6033, 0xe6089, 0xe6111, 0xe6114, 0xe61c2, 0xe6215, 0xe627a, 0xe62d3, 
0xe62f9, 0xe638c, 0xe69e6, 0xe6c91, 0xe704f, 0xe71b8, 0xe71ce, 0xe72ee, 0xe7341, 0xe7480, 
0xe74aa, 0xe74e1, 0xe7524, 0xe771b, 0xe7bc2, 0xe7d1d, 0xe7d78, 0xe7e65, 0xe8277, 0xe849d, 
0xe854a, 0xe85c8, 0xe8642, 0xe86cf, 0xe8824, 0xe8832, 0xe8886, 0xe88c5, 0xe89ae, 0xe8a01, 
0xe90a6, 0xe913e, 0xe9208, 0xe9518, 0xe9617, 0xe96d1, 0xe98c7, 0xe99a1, 0xe9a21, 0xe9b20, 
0xe9c1c, 0xe9c60, 0xe9ed9, 0xe9f2f, 0xe9f7c, 0xe9fe3, 0xea0bf, 0xea20a, 0xea232, 0xea3b8, 
0xea4e6, 0xea509, 0xea617, 0xea76b, 0xead70, 0xeaf4a, 0xeb000, 0xeb06f, 0xeb10b, 0xeb1c1, 
0xeb269, 0xeb36b, 0xeb3ef, 0xeb407, 0xeba47, 0xebe00, 0xebeae, 0xebeb3, 0xebef3, 0xebf99, 
0xec095, 0xec2c1, 0xec55c, 0xec621, 0xec8de, 0xec90c, 0xec919, 0xec9a0, 0xeca15, 0xeca62, 
0xecaa5, 0xece4b, 0xece71, 0xecfe9, 0xecff0, 0xed079, 0xed124, 0xed1c8, 0xed2a2, 0xed2b7, 
0xed354, 0xed373, 0xed568, 0xed7dd, 0xed93f, 0xedcdc, 0xedd96, 0xeddc0, 0xedea3, 0xedfec, 
0xee221, 0xee22a, 0xee284, 0xee339, 0xee44c, 0xee7d5, 0xeeaab, 0xeebc5, 0xeed8e, 0xeee2a, 
0xeef25, 0xeefc6, 0xef28a, 0xef2d6, 0xef462, 0xef4ce, 0xef54a, 0xef5ab, 0xefd5f, 0xeff05, 
0xeff4b, 0xf004e, 0xf00ea, 0xf0276, 0xf02d0, 0xf0309, 0xf0535, 0xf0809, 0xf0825, 0xf0831, 
0xf0857, 0xf0885, 0xf08b6, 0xf0a66, 0xf0b9f, 0xf0bb7, 0xf0c40, 0xf0e7e, 0xf0f34, 0xf13ea, 
0xf18a8, 0xf1938, 0xf19e8, 0xf1a85, 0xf1a95, 0xf1ac3, 0xf1b8c, 0xf1c11, 0xf1c66, 0xf1c9a, 
0xf1cbb, 0xf1f5a, 0xf232d, 0xf28e0, 0xf2b04, 0xf2b05, 0xf2f43, 0xf2f60, 0xf2f6a, 0xf2fba, 
0xf3001, 0xf30bb, 0xf314b, 0xf3152, 0xf339a, 0xf3527, 0xf35b4, 0xf35b9, 0xf360b, 0xf3649, 
0xf3d59, 0xf3d5a, 0xf3de0, 0xf3de1, 0xf3f0e, 0xf3f0f, 0xf4081, 0xf4135, 0xf4180, 0xf41ba, 
0xf41ed, 0xf425b, 0xf4289, 0xf42f7, 0xf48c6, 0xf49c4, 0xf49e7, 0xf49f5, 0xf4a5c, 0xf4aec, 
0xf4b1a, 0xf4c43, 0xf528a, 0xf536d, 0xf5422, 0xf547e, 0xf549a, 0xf55ca, 0xf567a, 0xf573d, 
0xf5b09, 0xf624f, 0xf62dd, 0xf635b, 0xf6417, 0xf65e1, 0xf66e5, 0xf6921, 0xf6945, 0xf69a4, 
0xf6a41, 0xf6c5f, 0xf6d18, 0xf6db3, 0xf6e43, 0xf6f41, 0xf6f68, 0xf71a9, 0xf71b9, 0xf71e1, 
0xf7219, 0xf7236, 0xf723e, 0xf72aa, 0xf72d2, 0xf72fd, 0xf74bc, 0xf7b3c, 0xf7d21, 0xf7d47, 
0xf7d63, 0xf7f37, 0xf8056, 0xf80ab, 0xf836c, 0xf839d, 0xf8415, 0xf84f3, 0xf85aa, 0xf865f, 
0xf8abd, 0xf8d74, 0xf8e93, 0xf8fa0, 0xf8ffa, 0xf9067, 0xf9265, 0xf96bd, 0xf96fc, 0xf98d2, 
0xf9c72, 0xf9cc6, 0xf9f9a, 0xfa24d, 0xfa3ce, 0xfa45c, 0xfa490, 0xfa4fd, 0xfa5d2, 0xfaac1, 
0xfaaf9, 0xfac0d, 0xfacdd, 0xfad1a, 0xfad3d, 0xfae17, 0xfb061, 0xfb095, 0xfb136, 0xfb557, 
0xfba1c, 0xfba48, 0xfbbb8, 0xfbbdd, 0xfbc21, 0xfbd1c, 0xfbe05, 0xfc31a, 0xfc321, 0xfc339, 
0xfc37e, 0xfc4cb, 0xfc4cf, 0xfc4e7, 0xfc55f, 0xfc687, 0xfc68b, 0xfc6b1, 0xfc6ee, 0xfc71d, 
0xfc755, 0xfc783, 0xfc78a, 0xfca48, 0xfca81, 0xfcf33, 0xfcfac, 0xfd0b9, 0xfd548, 0xfd92e, 
0xfdcca, 0xfdd4c, 0xfdd69, 0xfddc1, 0xfde20, 0xfde43, 0xfde4a, 0xfde87, 0xfdf57, 0xfdfa1, 
0xfe132, 0xfe13c, 0xfe1d3, 0xfe201, 0xfe277, 0xfe41e, 0xfe426, 0xfe4ba, 0xfe4e8, 0xfe945, 
0xfe9a1, 0xfe9ab, 0xfeb0b, 0xfeb8e, 0xfebbb, 0xfebfd, 0xfec58, 0xfec8d, 0xfeef2, 0xff702, 
0xff71c, 0xff76f, 0xff7ac, 0xff7f4, 0xff8a4, 0xff8fa, 0xffb80, 0xffef6, 0xfff71, 0xfff7e, 
0x100091, 0x10012e, 0x1002d5, 0x100893, 0x1008f4, 0x10091c, 0x100a1b, 0x100a3a, 0x100bd2, 0x100bf1, 
0x100cf8, 0x100d1d, 0x100ec2, 0x100f63, 0x101126, 0x101185, 0x1011a4, 0x101295, 0x10145a, 0x10173c, 
0x101764, 0x10179f, 0x1017f4, 0x101a23, 0x101b68, 0x101c1a, 0x101c3a, 0x101c8a, 0x101c98, 0x101cd4, 
0x101cf1, 0x101cf4, 0x101d10, 0x101df4, 0x102294, 0x1022bc, 0x10235d, 0x10259d, 0x1026c9, 0x102863, 
0x102904, 0x102992, 0x102ac0, 0x102b25, 0x102b44, 0x102c40, 0x102c70, 0x102f57, 0x102f79, 0x103016, 
0x1030d8, 0x1030f7, 0x103623, 0x103684, 0x1036ac, 0x103749, 0x1037ab, 0x103bdd, 0x103c44, 0x103c63, 
0x103d47, 0x103f3e, 0x103fda, 0x10406a, 0x104188, 0x1041e7, 0x10420f, 0x1042b0, 0x104306, 0x1044cc, 
0x1044f4, 0x10460a, 0x1047a3, 0x104a45, 0x104ac6, 0x104add, 0x104b8d, 0x104b92, 0x104bc5, 0x104be1, 
0x104ca4, 0x104cca, 0x105350, 0x105556, 0x10574d, 0x1058e3, 0x105915, 0x105e34, 0x105e91, 0x105ec2, 
0x105ec9, 0x105f6f, 0x105f85, 0x1062db, 0x1063ed, 0x10647d, 0x10655e, 0x106687, 0x10684b, 0x106857, 
0x1068db, 0x10691a, 0x1069aa, 0x106b24, 0x106be6, 0x106c30, 0x106c9d, 0x107279, 0x10776c, 0x1077cd, 
0x10786a, 0x107947, 0x107d88, 0x107f01, 0x108359, 0x1083cf, 0x1083f0, 0x108635, 0x1087ae, 0x10886c, 
0x1088a9, 0x108969, 0x108982, 0x108a28, 0x108a33, 0x108b7e, 0x108bd4, 0x108c0e, 0x108c3c, 0x108c4c, 
0x108e06, 0x108e41, 0x108e61, 0x108ea2, 0x108ed0, 0x108ee4, 0x10900e, 0x109329, 0x1093ec, 0x109415, 
0x109499, 0x1094d7, 0x1095e1, 0x10974a, 0x109785, 0x109870, 0x109e7e, 0x109fc5, 0x10a0d4, 0x10a0f0, 
0x10a254, 0x10a646, 0x10a818, 0x10a86e, 0x10a9e2, 0x10a9e6, 0x10aa67, 0x10aa78, 0x10aaa4, 0x10ab74, 
0x10aba5, 0x10ac84, 0x10ae0b, 0x10b0dd, 0x10b13a, 0x10b233, 0x10b80b, 0x10b83b, 0x10b85f, 0x10b8ef, 
0x10b9aa, 0x10ba8d, 0x10bbee, 0x10bc74, 0x10bdb9, 0x10bdc1, 0x10bf18, 0x10c053, 0x10c1b1, 0x10c20f, 
0x10c21e, 0x10c2b3, 0x10c391, 0x10c450, 0x10c519, 0x10c54d, 0x10c647, 0x10c6a4, 0x10c6f8, 0x10c7b3, 
0x10c7db, 0x10c823, 0x10c8dc, 0x10cac6, 0x10d020, 0x10d3af, 0x10d8a1, 0x10d9f1, 0x10db2d, 0x10dde5, 
0x10de59, 0x10def1, 0x10dfa1, 0x10dfd9, 0x10dff5, 0x10e06d, 0x10e0b8, 0x10e0de, 0x10e597, 0x10e625, 
0x10e64f, 0x10e659, 0x10e699, 0x10e92d, 0x10e954, 0x10e992, 0x10e9b5, 0x10ea0a, 0x10ea52, 0x10eafe, 
0x10eb2f, 0x10ed52, 0x10ef66, 0x10f0b1, 0x10f79e, 0x10f7fb, 0x10f974, 0x10f996, 0x10fa1c, 0x10fa31, 
0x10fa54, 0x10fa79, 0x10fb51, 0x10fc10, 0x10fdbc, 0x10feed, 0x11013c, 0x110381, 0x110703, 0x110910, 
0x110918, 0x11096a, 0x11096d, 0x110989, 0x110a4b, 0x110db7, 0x110e58, 0x110ec9, 0x11103a, 0x111327, 
0x1113b7, 0x1113f6, 0x111421, 0x11176f, 0x111781, 0x1117aa, 0x111895, 0x111900, 0x1119c3, 0x1119ec, 
0x111b96, 0x112014, 0x112024, 0x112040, 0x112274, 0x112275, 0x112414, 0x1125aa, 0x112ab9, 0x112b50, 
0x112bad, 0x112ca6, 0x112fa9, 0x1130c1, 0x113100, 0x11313f, 0x11314f, 0x1131b2, 0x11323b, 0x113587, 
0x1135ab, 0x11363b, 0x11367c, 0x1137fb, 0x113852, 0x113911, 0x1139f2, 0x113ae4, 0x113c91, 0x113f56, 
0x114444, 0x1144ff, 0x114527, 0x114628, 0x11490f, 0x114aa1, 0x114ade, 0x114ae5, 0x114bcc, 0x114f12, 
0x114f16, 0x115122, 0x1152e7, 0x11534a, 0x1154c2, 0x115580, 0x115650, 0x115760, 0x1158e7, 0x1158f3, 
0x115e41, 0x115e5a, 0x115f4e, 0x116119, 0x116210, 0x11622c, 0x1163f8, 0x1167df, 0x116895, 0x116923, 
0x116925, 0x116a2c, 0x116a3f, 0x116c94, 0x116d6f, 0x116d96, 0x116e57, 0x116ecf, 0x116edc, 0x116fdd, 
0x116ff5, 0x11751b, 0x117618, 0x11785e, 0x117ac5, 0x11812b, 0x118236, 0x1182c4, 0x1183e0, 0x118c8c, 
0x118ebc, 0x118fb9, 0x11929e, 0x11973c, 0x119760, 0x119841, 0x119a8a, 0x119be7, 0x119c6c, 0x119c6d, 
0x119d6d, 0x119d7a, 0x119fa4, 0x11a0cb, 0x11a60a, 0x11a8c5, 0x11a8e5, 0x11a8e9, 0x11a8f8, 0x11a92d, 
0x11a9be, 0x11aa91, 0x11aac2, 0x11ab30, 0x11ab8a, 0x11afd3, 0x11aff2, 0x11b030, 0x11b152, 0x11b169, 
0x11b170, 0x11b178, 0x11b1c4, 0x11b1ce, 0x11b621, 0x11b65e, 0x11b94f, 0x11b9df, 0x11ba56, 0x11be96, 
0x11c275, 0x11c459, 0x11c653, 0x11ccb3, 0x11ccca, 0x11cd3f, 0x11cd59, 0x11ce3e, 0x11ce55, 0x11d095, 
0x11d0b0, 0x11d0c7, 0x11d0db, 0x11d2fe, 0x11d3c9, 0x11d3ff, 0x11d526, 0x11d92b, 0x11d93b, 0x11d947, 
0x11d953, 0x11d964, 0x11d975, 0x11d9dc, 0x11da1c, 0x11da87, 0x11daa3, 0x11db15, 0x11db37, 0x11db84, 
0x11db8b, 0x11dbda, 0x11e3d0, 0x11e495, 0x11e924, 0x11e9e5, 0x11ecd0, 0x11ee64, 0x11eecf, 0x11efb9, 
0x11f003, 0x11f02e, 0x11f036, 0x11f30a, 0x11f53b, 0x11f54b, 0x11f765, 0x11f8ac, 0x11f8f0, 0x11f9fc, 
0x11fa1e, 0x11fa62, 0x11fb15, 0x11fb7a, 0x11fb82, 0x11fb9a, 0x11fbee, 0x11fbf8, 0x11fe16, 0x11ffde, 
0x120387, 0x120462, 0x120946, 0x12095b, 0x1209bb, 0x1209c0, 0x1209ca, 0x1209ea, 0x120c9e, 0x120e11, 
0x120e49, 0x121142, 0x121352, 0x1214a6, 0x1214c2, 0x1215a5, 0x121980, 0x121adf, 0x121b0b, 0x121d3f, 
0x121db9, 0x121e00, 0x122029, 0x122078, 0x122088, 0x122095, 0x122593, 0x122642, 0x12264f, 0x12267b, 
0x122760, 0x122785, 0x122792, 0x12279e, 0x12290a, 0x122be1, 0x122feb, 0x122ff5, 0x12301a, 0x123033, 
0x123054, 0x123099, 0x1230d9, 0x123132, 0x123161, 0x123746, 0x123965, 0x1239cb, 0x123ce8, 0x123f41, 
0x124026, 0x1242af, 0x124913, 0x1249e7, 0x124ab4, 0x124d71, 0x124f07, 0x1250ed, 0x125677, 0x125687, 
0x125693, 0x1256c1, 0x125714, 0x125728, 0x1258b5, 0x125926, 0x125b05, 0x125c2e, 0x125c45, 0x125c4c, 
0x125c54, 0x1260e4, 0x12613a, 0x12618f, 0x126198, 0x126532, 0x126972, 0x126a80, 0x126acc, 0x126dbf, 
0x1270e4, 0x1271e2, 0x12732f, 0x127384, 0x12760d, 0x1277e4, 0x1278a9, 0x127e1c, 0x127e81, 0x127e8b, 
0x127eab, 0x1280d6, 0x1281ab, 0x1282a6, 0x1282c8, 0x128305, 0x12832a, 0x12838e, 0x1283a2, 0x12840b, 
0x12872a, 0x128762, 0x12878d, 0x1288a5, 0x128b5d, 0x128c08, 0x128cd3, 0x128ee1, 0x128fa0, 0x128fc6, 
0x128fcc, 0x12923b, 0x1296f3, 0x12977b, 0x12982d, 0x129a8b, 0x129aba, 0x129b4c, 0x129dd4, 0x12a017, 
0x12a063, 0x12a113, 0x12a241, 0x12a260, 0x12a5f1, 0x12a656, 0x12a65e, 0x12a676, 0x12a8f2, 0x12a908, 
0x12a99f, 0x12b13d, 0x12b141, 0x12b475, 0x12b49e, 0x12b4b2, 0x12b515, 0x12b562, 0x12b610, 0x12b654, 
0x12b707, 0x12b76c, 0x12b774, 0x12b78c, 0x12b7ea, 0x12b83c, 0x12bf79, 0x12c054, 0x12c145, 0x12c803, 
0x12c8b8, 0x12caee, 0x12cc82, 0x12ccc2, 0x12cdd7, 0x12ce54, 0x12d114, 0x12d128, 0x12d221, 0x12d3f8, 
0x12d567, 0x12d59f, 0x12d5bb, 0x12d672, 0x12d70f, 0x12db04, 0x12dc00, 0x12dc15, 0x12dc7a, 0x12ded5, 
0x12e139, 0x12e202, 0x12e481, 0x12e495, 0x12e50f, 0x12e5c9, 0x12e61c, 0x12e66d, 0x12e77f, 0x12e7de, 
0x12ec13, 0x12ed99, 0x12ee2c, 0x12ef9a, 0x12efc2, 0x12f071, 0x12f468, 0x12f475, 0x12f5f4, 0x12f60b, 
0x12f612, 0x12f61a, 0x12f666, 0x12f6a8, 0x12fa34, 0x12fa60, 0x12fa9f, 0x12fac3, 0x12fb1b, 0x12fb3f, 
0x12fcb9, 0x12fef8, 0x1303e3, 0x1304f4, 0x130799, 0x130e1c, 0x130f93, 0x130fb3, 0x13104f, 0x13115f, 
0x131190, 0x1311eb, 0x1311fe, 0x131236, 0x131321, 0x13137e, 0x131a7e, 0x131b51, 0x131de9, 0x131f8b, 
0x131fc3, 0x132029, 0x1321bd, 0x132202, 0x132374, 0x1323a6, 0x132436, 0x1324ef, 0x132544, 0x1326e6, 
0x1327b5, 0x1327ce, 0x1327ea, 0x132931, 0x132941, 0x132959, 0x1329e2, 0x132a8d, 0x132aa9, 0x132af2, 
0x132b1b, 0x132b3d, 0x132b8a, 0x132be0, 0x132d19, 0x132e68, 0x132f33, 0x132f69, 0x133470, 0x133762, 
0x133927, 0x1339e6, 0x133ac1, 0x133ae8, 0x133ba9, 0x133bb0, 0x133c21, 0x133d29, 0x13426d, 0x134549, 
0x1346a6, 0x134817, 0x134af1, 0x134dbf, 0x134dd8, 0x134ecc, 0x135376, 0x135813, 0x1358a3, 0x1358d5, 
0x135a59, 0x135aec, 0x135b7a, 0x135c0e, 0x135c96, 0x1361b3, 0x13649f, 0x1366a0, 0x136760, 0x13681b, 
0x136a44, 0x136d1c, 0x13709a, 0x1372d6, 0x137776, 0x13777d, 0x1377fc, 0x137922, 0x137b65, 0x137bcb, 
0x137c3c, 0x137ec7, 0x138126, 0x1386af, 0x1386e4, 0x138845, 0x138887, 0x13892c, 0x138966, 0x138968, 
0x1389d9, 0x138b84, 0x138c79, 0x138cec, 0x138d79, 0x138d8d, 0x1390c7, 0x13911b, 0x139138, 0x1392b5, 
0x1393ab, 0x1393f3, 0x1393fa, 0x1394cf, 0x139535, 0x1395d6, 0x139852, 0x139aa3, 0x139bf2, 0x139d61, 
0x13a21d, 0x13a227, 0x13a24c, 0x13a286, 0x13a2cb, 0x13a30b, 0x13a364, 0x13a528, 0x13a534, 0x13a588, 
0x13a602, 0x13a62f, 0x13a676, 0x13a6a0, 0x13a74a, 0x13ac51, 0x13ae94, 0x13b1fb, 0x13b247, 0x13b6a1, 
0x13b8f2, 0x13b975, 0x13b9cb, 0x13ba29, 0x13bd27, 0x13bec0, 0x13c023, 0x13c03a, 0x13c143, 0x13c555, 
0x13c639, 0x13c7e2, 0x13c81f, 0x13c904, 0x13c90a, 0x13ce87, 0x13cfd6, 0x13d11f, 0x13d124, 0x13d1b1, 
0x13d1fa, 0x13d2ac, 0x13d2ce, 0x13d30b, 0x13d394, 0x13d6c1, 0x13d6cb, 0x13d730, 0x13d999, 0x13d9eb, 
0x13dee1, 0x13dee7, 0x13def1, 0x13dfb2, 0x13dfcf, 0x13e017, 0x13e1b7, 0x13e49b, 0x13e4a8, 0x13e65a, 
0x13e691, 0x13e73d, 0x13e785, 0x13e83f, 0x13eab8, 0x13eb59, 0x13ed96, 0x13ee07, 0x13ee7a, 0x13f366, 
0x13f481, 0x13f61d, 0x13f95b, 0x13fc7e, 0x13ff07, 0x13ffb7, 0x140016, 0x140084, 0x1400ee, 0x140114, 
0x140210, 0x140458, 0x140852, 0x140e43, 0x140f7a, 0x140fcf, 0x140fd0, 0x14100e, 0x141121, 0x141144, 
0x141148, 0x1411c9, 0x1411da, 0x1412d6, 0x1414a0, 0x14159d, 0x1416d2, 0x141770, 0x1417cf, 0x1417ea, 
0x1417ef, 0x141830, 0x14185e, 0x141868, 0x141872, 0x14199c, 0x141cb7, 0x14206f, 0x14209b, 0x1421fe, 
0x14227e, 0x142355, 0x142390, 0x142b01, 0x142b50, 0x142c02, 0x142d53, 0x142ec2, 0x143360, 0x143395, 
0x1433fe, 0x1434b5, 0x1435f2, 0x14373f, 0x1437b8, 0x1437c5, 0x1438ef, 0x143a79, 0x143ae9, 0x143b42, 
0x143ba2, 0x143fdb, 0x144039, 0x144048, 0x1440dd, 0x14418a, 0x1441bb, 0x14427a, 0x144377, 0x144df2, 
0x144e03, 0x144e86, 0x144ea3, 0x144edb, 0x144f97, 0x145307, 0x14548f, 0x145543, 0x1457dc, 0x14585d, 
0x145871, 0x1458ed, 0x14592c, 0x1459d5, 0x145ba4, 0x145d04, 0x145dd0, 0x145e03, 0x145e1f, 0x145ee2, 
0x145f1b, 0x145f5c, 0x14658e, 0x14697d, 0x146a7c, 0x146b53, 0x146c0f, 0x146d4d, 0x146e1c, 0x146eeb, 
0x1471fe, 0x1472c0, 0x147377, 0x14738a, 0x147b8d, 0x147bce, 0x147c54, 0x147d13, 0x147e91, 0x147ecf, 
0x147f45, 0x147f74, 0x14819d, 0x1484f0, 0x1485a9, 0x1489c3, 0x1489cd, 0x148a23, 0x148aab, 0x148aae, 
0x148b5c, 0x148baf, 0x148c6d, 0x148c93, 0x148d85, 0x149026, 0x1492e5, 0x14942a, 0x149487, 0x1494dc, 
0x14954c, 0x149596, 0x1495b3, 0x1495b6, 0x1496b6, 0x1499ec, 0x149e5f, 0x149f8b, 0x14a14d, 0x14a40a, 
0x14a528, 0x14a550, 0x14a6dd, 0x14a6df, 0x14a97c, 0x14a9b0, 0x14aa51, 0x14aaf2, 0x14ac14, 0x14ac73, 
0x14ad4f, 0x14af48, 0x14b221, 0x14b37d, 0x14b39f, 0x14b3b5, 0x14b47f, 0x14b4d3, 0x14b57b, 0x14b5a3, 
0x14b7ed, 0x14b88e, 0x14b91c, 0x14b93f, 0x14ba4a, 0x14baaf, 0x14bacc, 0x14bace, 0x14bdab, 0x14c163, 
0x14c364, 0x14c4a3, 0x14c5ae, 0x14c60d, 0x14ca45, 0x14cb67, 0x14cbce, 0x14cc6b, 0x14ccfd, 0x14cea2, 
0x14ceb2, 0x14d1a5, 0x14d2bb, 0x14d2e0, 0x14d366, 0x14d36d, 0x14d3c3, 0x14d495, 0x14d706, 0x14d9da, 
0x14dca9, 0x14df69, 0x14e24c, 0x14e267, 0x14e311, 0x14e434, 0x14e4a3, 0x14e4ca, 0x14e52b, 0x14ec71, 
0x14ecff, 0x14ed29, 0x14ed33, 0x14ed73, 0x14ee9d, 0x14f367, 0x14f506, 0x14f643, 0x14f71e, 0x14f7a2, 
0x14fbfd, 0x150070, 0x1500e8, 0x1500f8, 0x150159, 0x150486, 0x150606, 0x150612, 0x1506a2, 0x1506df, 
0x15070c, 0x150d18, 0x150fe8, 0x1512cb, 0x15136c, 0x1513fe, 0x15142a, 0x1518a0, 0x151cf2, 0x151d00, 
0x151dbf, 0x151ea0, 0x1520c8, 0x15213f, 0x15225c, 0x1526c0, 0x1526d4, 0x1526d9, 0x1526fc, 0x152766, 
0x152964, 0x15299d, 0x1529c5, 0x152c1e, 0x152d28, 0x152f6a, 0x15322a, 0x1533d6, 0x153425, 0x1534cb, 
0x153504, 0x153560, 0x153789, 0x153dc6, 0x153fad, 0x154087, 0x1540b0, 0x154107, 0x15419b, 0x1541e3, 
0x154206, 0x1543a3, 0x154625, 0x1548a1, 0x15491b, 0x154a41, 0x154bde, 0x154d5f, 0x154d63, 0x154daf, 
0x154f0a, 0x154ffd, 0x155002, 0x1550b1, 0x155136, 0x155167, 0x155198, 0x1551d7, 0x155313, 0x155a35, 
0x155ab8, 0x155cb7, 0x155cfa, 0x155ea7, 0x155f9e, 0x1560d3, 0x156815, 0x156a96, 0x156abb, 0x156c36, 
0x156e90, 0x157060, 0x157063, 0x1571de, 0x15737d, 0x157389, 0x1575e1, 0x157616, 0x157795, 0x157929, 
0x1579fe, 0x157c34, 0x157d46, 0x157d54, 0x15802d, 0x1581b4, 0x1581c8, 0x1581f7, 0x158242, 0x1582fc, 
0x1583f8, 0x158442, 0x15846a, 0x158480, 0x1584f8, 0x158519, 0x1585ce, 0x1585d2, 0x158dcb, 0x158e38, 
0x158ee1, 0x158f1c, 0x158f70, 0x158faa, 0x159069, 0x159879, 0x1598b8, 0x159b42, 0x159bf0, 0x159c04, 
0x159c99, 0x159ca0, 0x159de2, 0x159dfe, 0x159e36, 0x159f84, 0x15a1dd, 0x15a2f7, 0x15a336, 0x15a35a, 
0x15a3d6, 0x15a6c8, 0x15a7d9, 0x15a98a, 0x15ab49, 0x15acc8, 0x15acdf, 0x15ad7c, 0x15ad8c, 0x15b1a0, 
0x15b1a4, 0x15b1ff, 0x15b21e, 0x15b27a, 0x15b2d2, 0x15b2dc, 0x15b797, 0x15b81c, 0x15b84e, 0x15b8de, 
0x15b8e5, 0x15b92a, 0x15ba78, 0x15ba82, 0x15bafa, 0x15bd17, 0x15bdeb, 0x15bdf5, 0x15bf97, 0x15bfcf, 
0x15c04e, 0x15c1c9, 0x15c273, 0x15c2be, 0x15c30b, 0x15c317, 0x15c361, 0x15c501, 0x15c664, 0x15c674, 
0x15c715, 0x15cc0a, 0x15ce74, 0x15d14f, 0x15d169, 0x15d27c, 0x15d9eb, 0x15dcde, 0x15dd2f, 0x15dd4f, 
0x15ddeb, 0x15defb, 0x15df2c, 0x15dfa6, 0x15ea92, 0x15ea9c, 0x15eacc, 0x15eb3f, 0x15ec67, 0x15eddf, 
0x15edf4, 0x15ee52, 0x15ee7e, 0x15eef3, 0x15f0a2, 0x15f1cf, 0x15f379, 0x15f3ae, 0x15f66f, 0x15f6f4, 
0x15f77e, 0x15f784, 0x15f7bc, 0x15f91e, 0x15f9a0, 0x15fab4, 0x15fab8, 0x15fbae, 0x15fc09, 0x15fec7, 
0x1600c4, 0x16014e, 0x1601ff, 0x16051c, 0x160a5c, 0x160ca3, 0x160d0c, 0x160d9c, 0x160f90, 0x160fcd, 
0x160ffc, 0x16100c, 0x16102b, 0x1615c2, 0x161625, 0x16163c, 0x161643, 0x161657, 0x1616d9, 0x161a55, 
0x161ac8, 0x161af9, 0x161b92, 0x161d56, 0x161e5d, 0x161ece, 0x161f6a, 0x16211c, 0x1626a3, 0x1626c2, 
0x162888, 0x1628fd, 0x16296c, 0x162994, 0x1630bb, 0x1631cc, 0x163242, 0x163285, 0x163360, 0x1634a6, 
0x1634ac, 0x1635ce, 0x1635d4, 0x163b0a, 0x163d6c, 0x164047, 0x164135, 0x164147, 0x16417d, 0x164194, 
0x16431d, 0x16463b, 0x164663, 0x16476e, 0x164783, 0x164c1f, 0x164f5d, 0x1651e0, 0x1654e9, 0x1655b9, 
0x165716, 0x165720, 0x165891, 0x165a06, 0x165a22, 0x165a5a, 0x165cc9, 0x165cd5, 0x165db6, 0x165f6b, 
0x165fb3, 0x165fbf, 0x16606d, 0x166081, 0x1660db, 0x166119, 0x16611d, 0x1662e6, 0x166387, 0x166560, 
0x1665c4, 0x166635, 0x166a61, 0x166ab5, 0x166aef, 0x166afd, 0x166e06, 0x166fb9, 0x166fc9, 0x166fd0, 
0x16706d, 0x167149, 0x167218, 0x1673b5, 0x16767f, 0x16768d, 0x1677a1, 0x167969, 0x167c37, 0x1681df, 
0x1684d0, 0x168796, 0x168a6d, 0x168c33, 0x168c4a, 0x168cf5, 0x168ddd, 0x168f0c, 0x168f23, 0x168f9a, 
0x169144, 0x1692f8, 0x1695d3, 0x1698bf, 0x169b80, 0x16a13c, 0x16a420, 0x16a6e8, 0x16a6f6, 0x16a80a, 
0x16a9d0, 0x16ab86, 0x16ab96, 0x16ab9d, 0x16abaa, 0x16ac7d, 0x16ad42, 0x16af85, 0x16b252, 0x16b2b5, 
0x16b528, 0x16b68a, 0x16b6da, 0x16b785, 0x16b869, 0x16b882, 0x16b9b7, 0x16ba44, 0x16bb58, 0x16bbee, 
0x16be2a, 0x16bedc, 0x16c2d1, 0x16c2de, 0x16c3da, 0x16c836, 0x16c9b5, 0x16ca3e, 0x16cece, 0x16cf13, 
0x16d075, 0x16d798, 0x16d7cd, 0x16d875, 0x16e054, 0x16e19a, 0x16e1a1, 0x16e1b9, 0x16e1c7, 0x16e1ea, 
0x16e1fb, 0x16e227, 0x16e258, 0x16e2b0, 0x16e367, 0x16e58b, 0x16e604, 0x16e60e, 0x16e738, 0x16ea9d, 
0x16ebb3, 0x16ed05, 0x16ed5a, 0x16edac, 0x16edad, 0x16eeaf, 0x16ef33, 0x16ef4b, 0x16ef9a, 0x16efda, 
0x16f01a, 0x16f0f1, 0x16f12c, 0x16f167, 0x16f5ec, 0x16f608, 0x16f774, 0x16f828, 0x16fb42, 0x16fbd2, 
0x16fc11, 0x16fcba, 0x170073, 0x170225, 0x17055a, 0x17066b, 0x1707fe, 0x170afd, 0x170d99, 0x170fb5, 
0x171035, 0x171076, 0x171092, 0x1710fc, 0x171193, 0x1711bb, 0x17120a, 0x17122d, 0x171298, 0x1712cc, 
0x1713d8, 0x1718e6, 0x171bc4, 0x171c02, 0x171e75, 0x171e90, 0x171eb5, 0x171ecb, 0x171ef9, 0x172057, 
0x1720dd, 0x172115, 0x17220c, 0x17222d, 0x172393, 0x17246e, 0x1724fc, 0x1725b5, 0x172884, 0x172940, 
0x17298f, 0x172aa0, 0x172b6c, 0x172bbb, 0x172bc6, 0x172c33, 0x172c7e, 0x172cf8, 0x172e31, 0x173289, 
0x1732c8, 0x173892, 0x1738ef, 0x173b45, 0x173c20, 0x173c4e, 0x173cbc, 0x173cd1, 0x173d57, 0x173d5e, 
0x173e86, 0x1740c4, 0x1743a2, 0x1743cd, 0x1746a4, 0x174973, 0x174f1c, 0x174f38, 0x175039, 0x1754cd, 
0x17593b, 0x17595e, 0x1759c9, 0x1759fd, 0x175b03, 0x175b09, 0x175c14, 0x175ca4, 0x175ce1, 0x175dc9, 
0x17631a, 0x1763aa, 0x1765ea, 0x1768cd, 0x176905, 0x176922, 0x17692a, 0x1769e9, 0x176d42, 0x176e40, 
0x176e71, 0x17742b, 0x17789e, 0x177916, 0x177926, 0x177987, 0x177a46, 0x177bb9, 0x177bd5, 0x177c24, 
0x177cb4, 0x177e01, 0x178782, 0x178826, 0x17883f, 0x17885b, 0x178903, 0x1789a4, 0x1789bc, 0x1789ca, 
0x1789ed, 0x178a2a, 0x178a5b, 0x178b6a, 0x178d92, 0x178e09, 0x178f26, 0x178f4f, 0x17900f, 0x179062, 
0x17909f, 0x1790e7, 0x17910b, 0x179167, 0x179197, 0x1791ed, 0x179355, 0x179510, 0x17958b, 0x179598, 
0x1796c6, 0x1798ef, 0x179c34, 0x179ef4, 0x17a1eb, 0x17a348, 0x17a365, 0x17a3b1, 0x17a3c6, 0x17a4da, 
0x17a4ef, 0x17a4f7, 0x17a50c, 0x17a6b3, 0x17a738, 0x17a769, 0x17aa0e, 0x17aeb5, 0x17af65, 0x17b002, 
0x17b037, 0x17b789, 0x17b7be, 0x17b7db, 0x17b892, 0x17b8bc, 0x17b9c9, 0x17ba09, 0x17ba11, 0x17ba13, 
0x17ba7e, 0x17bbd1, 0x17bc45, 0x17bc73, 0x17c0cf, 0x17c3e9, 0x17c446, 0x17c4ed, 0x17c705, 0x17c84a, 
0x17c96c, 0x17c9e5, 0x17ca54, 0x17cab5, 0x17cf4f, 0x17cfa9, 0x17d04d, 0x17d27f, 0x17d31b, 0x17d3ab, 
0x17d6ea, 0x17d79c, 0x17d82a, 0x17d8c7, 0x17daa8, 0x17dafd, 0x17dd9c, 0x17ddd0, 0x17de71, 0x17e034, 
0x17e068, 0x17e093, 0x17e0aa, 0x17e16f, 0x17e368, 0x17e641, 0x17e79d, 0x17e89f, 0x17e8f3, 0x17e935, 
0x17e9fa, 0x17ec0d, 0x17ecae, 0x17ee6a, 0x17eeec, 0x17efa2, 0x17f13d, 0x17f1cb, 0x17f784, 0x17f9ce, 
0x17fa60, 0x17fb04, 0x17fb11, 0x17ff87, 0x17ffb1, 0x17ffef, 0x180000, 0x18011d, 0x1802d2, 0x18044d, 
0x180568, 0x1805c5, 0x180655, 0x18066c, 0x180889, 0x180db1, 0x180e26, 0x180e74, 0x1812de, 0x181419, 
0x18141c, 0x181438, 0x181477, 0x1814cb, 0x1814e9, 0x1816c4, 0x1816db, 0x181765, 0x181c89, 0x181c8d, 
0x181cc1, 0x181cc8, 0x182035, 0x182050, 0x18215b, 0x1821b2, 0x18223a, 0x18248d, 0x182537, 0x182556, 
0x1826f1, 0x182794, 0x182a31, 0x182d83, 0x182daa, 0x182dc3, 0x182e63, 0x182e7f, 0x182ea2, 0x182ece, 
0x182f3b, 0x183078, 0x183080, 0x1830ec, 0x18333f, 0x183621, 0x183a8e, 0x183be1, 0x183d06, 0x1842bd, 
0x1842c5, 0x1843c9, 0x1843d4, 0x1844b1, 0x184533, 0x18453b, 0x184557, 0x184570, 0x1845f3, 0x1846a4, 
0x184753, 0x184a12, 0x184eeb, 0x184fba, 0x184fca, 0x1850cc, 0x1850f7, 0x18556d, 0x185581, 0x1855bc, 
0x185611, 0x1857fd, 0x185a37, 0x185ab5, 0x185c11, 0x185c5e, 0x185e08, 0x185e55, 0x185e7c, 0x185ea4, 
0x186672, 0x18669e, 0x1866b7, 0x186757, 0x186a4f, 0x187521, 0x18752c, 0x187a9d, 0x187abc, 0x187afb, 
0x187b6d, 0x187bc2, 0x187d48, 0x187db0, 0x187de9, 0x187e8a, 0x187fa1, 0x18849f, 0x1885df, 0x1885e3, 
0x188622, 0x18867c, 0x1888d2, 0x188ca3, 0x188d6a, 0x188e77, 0x188f62, 0x1890af, 0x189124, 0x18925f, 
0x189308, 0x18961a, 0x189b04, 0x189c9b, 0x189ca2, 0x189d3c, 0x189ef5, 0x189f86, 0x189fa2, 0x189fc1, 
0x18a000, 0x18a072, 0x18a49e, 0x18a518, 0x18a544, 0x18a55d, 0x18a567, 0x18a5b1, 0x18a5fd, 0x18a663, 
0x18a668, 0x18a812, 0x18a886, 0x18a8eb, 0x18acea, 0x18b2f2, 0x18b4b5, 0x18b653, 0x18b687, 0x18b68e, 
0x18b89c, 0x18b936, 0x18b95a, 0x18b9a9, 0x18bb21, 0x18bbfc, 0x18bc00, 0x18bd81, 0x18c15a, 0x18c47d, 
0x18c50d, 0x18c59c, 0x18c682, 0x18c723, 0x18ca51, 0x18cb7d, 0x18cd10, 0x18cd45, 0x18d11f, 0x18d191, 
0x18d236, 0x18d2e7, 0x18d2ea, 0x18d304, 0x18d33b, 0x18d3f8, 0x18d5a2, 0x18d5aa, 0x18d616, 0x18dabf, 
0x18daeb, 0x18dafb, 0x18db44, 0x18db6c, 0x18dc83, 0x18dce7, 0x18de38, 0x18de51, 0x18def1, 0x18dfce, 
0x18e51e, 0x18e5e6, 0x18e6c6, 0x18e6ea, 0x18e839, 0x18e8b1, 0x18e990, 0x18ef47, 0x18ef5d, 0x18ef82, 
0x18ef8b, 0x18efb9, 0x18efc2, 0x18f1c3, 0x18f208, 0x18f224, 0x18ff0d, 0x190007, 0x19006f, 0x19031f, 
0x190352, 0x1903b6, 0x1903c0, 0x190471, 0x19053f, 0x19056c, 0x190610, 0x190626, 0x190645, 0x190684, 
0x1906f6, 0x1908dd, 0x1908ed, 0x190912, 0x190966, 0x190b6b, 0x190bd0, 0x190cb1, 0x190cec, 0x190dae, 
0x190df8, 0x190e03, 0x190eb4, 0x190eb7, 0x191475, 0x1918c3, 0x191941, 0x191a17, 0x191a57, 0x191f31, 
0x192006, 0x1920c8, 0x192422, 0x192541, 0x19257a, 0x1925bd, 0x192771, 0x192818, 0x19284b, 0x1928a6, 
0x192b19, 0x192b43, 0x192dc2, 0x192e03, 0x192e43, 0x192ffc, 0x1930d6, 0x193131, 0x19325f, 0x1932c8, 
0x1932ca, 0x193361, 0x19337e, 0x1933a6, 0x1933b7, 0x1933fa, 0x1936d1, 0x193de5, 0x193f5c, 0x19409c, 
0x1940d9, 0x1941bb, 0x1941d5, 0x1941f4, 0x194237, 0x1942b6, 0x1943eb, 0x1944c5, 0x194520, 0x194658, 
0x1946c3, 0x1947a4, 0x1947c4, 0x1947e4, 0x194a83, 0x194a93, 0x194c16, 0x194c76, 0x194c8b, 0x194cd7, 
0x194d2c, 0x194d50, 0x194dab, 0x194ed9, 0x194ff8, 0x195031, 0x195042, 0x195074, 0x1952f7, 0x195621, 
0x195b4d, 0x195b96, 0x195bd6, 0x195ce0, 0x195dcc, 0x1963da, 0x196715, 0x196764, 0x19676b, 0x1967d1, 
0x196988, 0x19698d, 0x1969c7, 0x196a12, 0x196a90, 0x196ada, 0x196f8e, 0x196ffc, 0x197370, 0x19737d, 
0x19747a, 0x1974fc, 0x19755e, 0x19766f, 0x197a9c, 0x197cc0, 0x197f16, 0x19807c, 0x19823f, 0x19832d, 
0x198337, 0x198342, 0x19846b, 0x198884, 0x1988e0, 0x1989ee, 0x198ef1, 0x198f51, 0x19911f, 0x19914c, 
0x19944c, 0x19959c, 0x19967a, 0x199699, 0x1996a3, 0x1996f9, 0x199746, 0x199781, 0x199794, 0x1997e2, 
0x1999fc, 0x199cd4, 0x19a3d9, 0x19a3ed, 0x19a4cd, 0x19a5c9, 0x19a638, 0x19a6a7, 0x19a6c5, 0x19a7ab, 
0x19a7bc, 0x19a807, 0x19a8a8, 0x19a950, 0x19af55, 0x19b033, 0x19b0af, 0x19b11c, 0x19b12f, 0x19b4f2, 
0x19b5fc, 0x19b646, 0x19b65b, 0x19b6a1, 0x19b6c0, 0x19bd85, 0x19be6d, 0x19be81, 0x19bed7, 0x19bef0, 
0x19c010, 0x19c05f, 0x19c063, 0x19c151, 0x19c311, 0x19c32c, 0x19c330, 0x19c33c, 0x19c35e, 0x19c438, 
0x19c479, 0x19c4d6, 0x19c5ea, 0x19c660, 0x19c8e6, 0x19c9d4, 0x19ca48, 0x19cbc1, 0x19ccac, 0x19ccb1, 
0x19ccc0, 0x19cce9, 0x19ccfe, 0x19cd97, 0x19ce53, 0x19d3f8, 0x19d728, 0x19d81c, 0x19d81d, 0x19d85f, 
0x19d88a, 0x19d8bc, 0x19d9b7, 0x19d9ba, 0x19db61, 0x19dfa6, 0x19dfc0, 0x19e068, 0x19e0a5, 0x19e132, 
0x19e274, 0x19e285, 0x19e38c, 0x19e3c5, 0x19e3e8, 0x19e5a6, 0x19e669, 0x19e6aa, 0x19e780, 0x19e829, 
0x19eb30, 0x19eb6d, 0x19ec33, 0x19ef52, 0x19ef6f, 0x19efac, 0x19f078, 0x19f1ec, 0x19f3af, 0x19f3e4, 
0x19f4d9, 0x19f7a6, 0x19f7cd, 0x19f7f5, 0x19f826, 0x19f82a, 0x19f867, 0x19f980, 0x19f9ed, 0x19fa4e, 
0x19faa4, 0x19fb58, 0x1a02fb, 0x1a0384, 0x1a0390, 0x1a04ff, 0x1a0d7d, 0x1a0e2d, 0x1a0e7d, 0x1a0e8a, 
0x1a0f49, 0x1a0f75, 0x1a0fdc, 0x1a1013, 0x1a1148, 0x1a132a, 0x1a168d, 0x1a16cd, 0x1a1720, 0x1a174b, 
0x1a1772, 0x1a1786, 0x1a17b5, 0x1a187f, 0x1a1cac, 0x1a1fbb, 0x1a1fc8, 0x1a2007, 0x1a2143, 0x1a270d, 
0x1a2828, 0x1a282c, 0x1a2975, 0x1a29c5, 0x1a2b45, 0x1a2bb7, 0x1a2cd4, 0x1a2f72, 0x1a307d, 0x1a3181, 
0x1a3188, 0x1a3198, 0x1a32a2, 0x1a32f6, 0x1a334b, 0x1a343b, 0x1a3511, 0x1a3514, 0x1a3636, 0x1a391e, 
0x1a3cc1, 0x1a3ece, 0x1a4078, 0x1a419a, 0x1a4209, 0x1a4306, 0x1a455a, 0x1a463a, 0x1a4745, 0x1a4849, 
0x1a4850, 0x1a4860, 0x1a4953, 0x1a4b8e, 0x1a4c29, 0x1a4d02, 0x1a4d34, 0x1a4ec5, 0x1a4fd0, 0x1a52cf, 
0x1a5467, 0x1a5589, 0x1a560f, 0x1a568d, 0x1a56db, 0x1a58d4, 0x1a5944, 0x1a5c04, 0x1a5f0b, 0x1a5fcb, 
0x1a60ed, 0x1a6118, 0x1a61f1, 0x1a6297, 0x1a64a1, 0x1a658d, 0x1a6698, 0x1a6891, 0x1a6b31, 0x1a6c5b, 
0x1a6c9a, 0x1a6cee, 0x1a6db1, 0x1a6f65, 0x1a6fb2, 0x1a7065, 0x1a70c4, 0x1a71cb, 0x1a71d5, 0x1a71f4, 
0x1a73e9, 0x1a74ef, 0x1a751c, 0x1a7526, 0x1a758b, 0x1a76db, 0x1a77a1, 0x1a789d, 0x1a799d, 0x1a833c, 
0x1a8690, 0x1a87cd, 0x1a88ed, 0x1a8947, 0x1a8957, 0x1a8997, 0x1a8a02, 0x1a8a4c, 0x1a8ab4, 0x1a8bc8, 
0x1a8beb, 0x1a8d5b, 0x1a8e80, 0x1a8ee7, 0x1a8f87, 0x1a9007, 0x1a90c4, 0x1a915c, 0x1a9286, 0x1a92d8, 
0x1a944e, 0x1a988b, 0x1a98e8, 0x1a9a31, 0x1a9a35, 0x1a9a7a, 0x1a9ced, 0x1a9d2f, 0x1a9e4c, 0x1aa154, 
0x1aa291, 0x1aa2e6, 0x1aa2ed, 0x1aa32a, 0x1aa342, 0x1aa3ab, 0x1aa3f0, 0x1aa454, 0x1aa51d, 0x1aa58d, 
0x1aa821, 0x1aacaf, 0x1aadd1, 0x1aaedb, 0x1ab260, 0x1ab342, 0x1ab371, 0x1ab398, 0x1ab3ec, 0x1ab44e, 
0x1ab473, 0x1ab48c, 0x1ab822, 0x1ab909, 0x1ab92e, 0x1ab9c0, 0x1ab9e2, 0x1aba33, 0x1aba50, 0x1abe89, 
0x1ac1c0, 0x1ac217, 0x1ac68e, 0x1ac774, 0x1ac78a, 0x1ac78d, 0x1ac7d0, 0x1ac7df, 0x1ac9fd, 0x1acd8b, 
0x1acdeb, 0x1ace13, 0x1ace9c, 0x1aceea, 0x1ad07d, 0x1ad0ba, 0x1ad11a, 0x1ad828, 0x1adb51, 0x1adbbe, 
0x1add17, 0x1adeae, 0x1adef9, 0x1adf4f, 0x1ae118, 0x1ae16c, 0x1ae1e8, 0x1ae1f6, 0x1ae219, 0x1ae35d, 
0x1ae729, 0x1ae797, 0x1ae7b9, 0x1ae87b, 0x1ae978, 0x1aea25, 0x1aea60, 0x1aeac1, 0x1aed2b, 0x1aeeed, 
0x1af507, 0x1af568, 0x1af71b, 0x1af7e1, 0x1af87a, 0x1af87e, 0x1af882, 0x1af92e, 0x1afa4f, 0x1afa90, 
0x1afb1d, 0x1afb56, 0x1afb5a, 0x1afb82, 0x1afb8f, 0x1afba2, 0x1afc26, 0x1afd20, 0x1afd7b, 0x1aff8d, 
0x1b0039, 0x1b0236, 0x1b0360, 0x1b0b03, 0x1b0cca, 0x1b0ec7, 0x1b0ed4, 0x1b0fbf, 0x1b105d, 0x1b10ba, 
0x1b1192, 0x1b11d1, 0x1b1219, 0x1b121d, 0x1b1717, 0x1b1733, 0x1b17bc, 0x1b17ff, 0x1b19e2, 0x1b1a43, 
0x1b1aa0, 0x1b1add, 0x1b1b52, 0x1b1cc4, 0x1b1d1a, 0x1b1fd4, 0x1b2474, 0x1b249b, 0x1b2571, 0x1b25f2, 
0x1b25fa, 0x1b2606, 0x1b2a58, 0x1b2b33, 0x1b2bb7, 0x1b2bc1, 0x1b2f22, 0x1b32bb, 0x1b3333, 0x1b33d6, 
0x1b33da, 0x1b3523, 0x1b3652, 0x1b3719, 0x1b3746, 0x1b375a, 0x1b3889, 0x1b3b20, 0x1b3b3d, 0x1b3c05, 
0x1b3c47, 0x1b3d2a, 0x1b3d95, 0x1b3e50, 0x1b3fb3, 0x1b42c9, 0x1b47a5, 0x1b47e7, 0x1b494d, 0x1b4a6f, 
0x1b4ada, 0x1b4b15, 0x1b4bc6, 0x1b4d7e, 0x1b4f0f, 0x1b501a, 0x1b5319, 0x1b5351, 0x1b538a, 0x1b54b1, 
0x1b55d3, 0x1b56d7, 0x1b5725, 0x1b58b9, 0x1b598e, 0x1b5a50, 0x1b6144, 0x1b6178, 0x1b6219, 0x1b62ee, 
0x1b6314, 0x1b63d2, 0x1b63fa, 0x1b6410, 0x1b655e, 0x1b657c, 0x1b65c6, 0x1b67d0, 0x1b68b0, 0x1b6b0f, 
0x1b6bc9, 0x1b6e04, 0x1b6e52, 0x1b6ec0, 0x1b6f00, 0x1b6f9f, 0x1b7078, 0x1b70cb, 0x1b7344, 0x1b7809, 
0x1b7848, 0x1b7bb3, 0x1b7c9f, 0x1b7d31, 0x1b7daa, 0x1b7dc6, 0x1b7ea9, 0x1b8255, 0x1b8335, 0x1b8431, 
0x1b850f, 0x1b852d, 0x1b85c8, 0x1b8613, 0x1b866f, 0x1b87b8, 0x1b8b4d, 0x1b8dbd, 0x1b8e9b, 0x1b8ede, 
0x1b8f4f, 0x1b8f62, 0x1b8f97, 0x1b8fbd, 0x1b9071, 0x1b935a, 0x1b9383, 0x1b93fa, 0x1b9501, 0x1b9509, 
0x1b953f, 0x1b9af6, 0x1b9bed, 0x1b9ce9, 0x1b9d3f, 0x1b9ec7, 0x1b9fb9, 0x1ba049, 0x1ba179, 0x1ba194, 
0x1ba2a0, 0x1ba356, 0x1ba452, 0x1ba74e, 0x1ba906, 0x1ba933, 0x1ba95e, 0x1baa29, 0x1bab51, 0x1bab66, 
0x1bb590, 0x1bb6c7, 0x1bb6f2, 0x1bb881, 0x1bb952, 0x1bb9c9, 0x1bbe0e, 0x1bbf0d, 0x1bbff2, 0x1bbff3, 
0x1bc0dc, 0x1bc0dd, 0x1bc0ed, 0x1bc250, 0x1bc2a9, 0x1bc2e5, 0x1bc35d, 0x1bc408, 0x1bc4ce, 0x1bc4e8, 
0x1bc5c2, 0x1bc5ca, 0x1bc61f, 0x1bcf24, 0x1bcf52, 0x1bd081, 0x1bd0ce, 0x1bd310, 0x1bd74b, 0x1bd82f, 
0x1bd8d7, 0x1bd996, 0x1bd9b2, 0x1bda53, 0x1bda88, 0x1bdab4, 0x1bdc1f, 0x1bdcc0, 0x1bdda6, 0x1bde74, 
0x1bdefa, 0x1be33c, 0x1be8e4, 0x1bea61, 0x1bea68, 0x1beb6b, 0x1bec8b, 0x1becc1, 0x1bed3b, 0x1bed3e, 
0x1bef0a, 0x1bf18e, 0x1bf275, 0x1bf28b, 0x1bf2e4, 0x1bf73c, 0x1bf825, 0x1bfb80, 0x1bffb1, 0x1c0084, 
0x1c012b, 0x1c013b, 0x1c03cf, 0x1c0664, 0x1c0688, 0x1c06cb, 0x1c07eb, 0x1c0839, 0x1c0998, 0x1c09c1, 
0x1c0abe, 0x1c0b07, 0x1c0c88, 0x1c0cd3, 0x1c0d29, 0x1c0f50, 0x1c1641, 0x1c17d1, 0x1c185b, 0x1c1aad, 
0x1c1d91, 0x1c21db, 0x1c22de, 0x1c233a, 0x1c2379, 0x1c290e, 0x1c294b, 0x1c29a7, 0x1c29ab, 0x1c2a7a, 
0x1c2bf2, 0x1c2c14, 0x1c2c82, 0x1c2c8d, 0x1c2eb1, 0x1c2ff6, 0x1c3182, 0x1c31e4, 0x1c3282, 0x1c3722, 
0x1c3946, 0x1c3a13, 0x1c3b57, 0x1c3ce3, 0x1c46be, 0x1c47bb, 0x1c4868, 0x1c48a3, 0x1c4904, 0x1c4972, 
0x1c4b1e, 0x1c4c83, 0x1c4d69, 0x1c4dc5, 0x1c4df6, 0x1c4ea9, 0x1c4f0e, 0x1c50c1, 0x1c5116, 0x1c550b, 
0x1c550f, 0x1c55ef, 0x1c5656, 0x1c56eb, 0x1c57c9, 0x1c57ec, 0x1c58ca, 0x1c59c6, 0x1c5a33, 0x1c5d86, 
0x1c5d8a, 0x1c5e48, 0x1c5e92, 0x1c5ed3, 0x1c6044, 0x1c6340, 0x1c661b, 0x1c6743, 0x1c6758, 0x1c689f, 
0x1c6926, 0x1c6d24, 0x1c7010, 0x1c7178, 0x1c731f, 0x1c7327, 0x1c7350, 0x1c7a0b, 0x1c7b07, 0x1c7b5d, 
0x1c7cc1, 0x1c7cd9, 0x1c7ce5, 0x1c7dd7, 0x1c7e38, 0x1c7e51, 0x1c7e67, 0x1c7f97, 0x1c7fbf, 0x1c80f6, 
0x1c8121, 0x1c83d9, 0x1c8564, 0x1c8574, 0x1c857e, 0x1c860b, 0x1c8663, 0x1c87f9, 0x1c8832, 0x1c8843, 
0x1c89a6, 0x1c8a12, 0x1c8aa3, 0x1c8c83, 0x1c9158, 0x1c92cf, 0x1c94f2, 0x1c9643, 0x1c968a, 0x1c96a7, 
0x1c976f, 0x1c97ce, 0x1c9966, 0x1c9983, 0x1c99ba, 0x1c9c2c, 0x1c9d4e, 0x1c9db9, 0x1c9eb4, 0x1c9ec1, 
0x1ca036, 0x1ca5e6, 0x1ca790, 0x1ca874, 0x1ca8b2, 0x1ca8d5, 0x1caa1e, 0x1cac72, 0x1cad52, 0x1cae90, 
0x1cb021, 0x1cb06b, 0x1cb0c8, 0x1cb127, 0x1cb165, 0x1cb173, 0x1cb2a6, 0x1cb2ff, 0x1cb3a2, 0x1cb3ef, 
0x1cb44c, 0x1cb57f, 0x1cb586, 0x1cb5dd, 0x1cb6e8, 0x1cb85c, 0x1cb9e7, 0x1cbb7f, 0x1cbca1, 0x1cbcc4, 
0x1cbcdc, 0x1cbce4, 0x1cbda5, 0x1cbdf3, 0x1cc05c, 0x1cc623, 0x1cc6e3, 0x1cc751, 0x1cc830, 0x1cc8c8, 
0x1cc909, 0x1cc96b, 0x1cc9bf, 0x1cc9e2, 0x1ccbb9, 0x1ccca5, 0x1ccd37, 0x1ccdb0, 0x1ccf2c, 0x1cd0bf, 
0x1cd210, 0x1cd2d7, 0x1cd373, 0x1cd3b2, 0x1cd8ca, 0x1cdaec, 0x1cdb1d, 0x1cdb35, 0x1cdbfb, 0x1cdca7, 
0x1cdd38, 0x1cdf37, 0x1cdf70, 0x1cdf74, 0x1ce040, 0x1ce377, 0x1ce4a1, 0x1ce4b5, 0x1ce510, 0x1ce6c6, 
0x1ce795, 0x1ce7f2, 0x1ce82f, 0x1ce8c0, 0x1ce8df, 0x1cea16, 0x1cea50, 0x1cea60, 0x1cea6c, 0x1cebb4, 
0x1cf1ae, 0x1cf2c3, 0x1cf344, 0x1cf34c, 0x1cf358, 0x1cf375, 0x1cfb9f, 0x1cfe45, 0x1cfe52, 0x1cfe56, 
0x1cfe80, 0x1cff3d, 0x1cffdb, 0x1d0110, 0x1d0589, 0x1d0591, 0x1d0695, 0x1d073a, 0x1d077d, 0x1d0823, 
0x1d0b47, 0x1d0b53, 0x1d0c74, 0x1d0d84, 0x1d0fcf, 0x1d10ac, 0x1d110b, 0x1d1611, 0x1d16d5, 0x1d17f0, 
0x1d17f4, 0x1d1835, 0x1d193d, 0x1d1a8b, 0x1d1c83, 0x1d1dae, 0x1d1dca, 0x1d1de7, 0x1d1dfb, 0x1d27fd, 
0x1d28c3, 0x1d293e, 0x1d29bf, 0x1d2a69, 0x1d2a6d, 0x1d2b6b, 0x1d2bef, 0x1d2d3d, 0x1d2f69, 0x1d31a9, 
0x1d343e, 0x1d34a5, 0x1d35c1, 0x1d35c5, 0x1d38ef, 0x1d3901, 0x1d3a69, 0x1d3a79, 0x1d3bd4, 0x1d3bdc, 
0x1d3d25, 0x1d3d40, 0x1d3d47, 0x1d3e4a, 0x1d3e60, 0x1d4178, 0x1d427b, 0x1d435e, 0x1d43b3, 0x1d43fe, 
0x1d482b, 0x1d49c2, 0x1d4ad1, 0x1d4c8b, 0x1d4de2, 0x1d4e10, 0x1d4f5e, 0x1d500f, 0x1d556e, 0x1d5992, 
0x1d59b5, 0x1d59c2, 0x1d5a56, 0x1d5d07, 0x1d5d66, 0x1d5d9d, 0x1d61ce, 0x1d622a, 0x1d666b, 0x1d66c8, 
0x1d67e5, 0x1d6919, 0x1d6a31, 0x1d6a88, 0x1d6b14, 0x1d6b6b, 0x1d6b74, 0x1d6c54, 0x1d6ee6, 0x1d6fa8, 
0x1d701e, 0x1d7072, 0x1d70d4, 0x1d7112, 0x1d7172, 0x1d71be, 0x1d7448, 0x1d758f, 0x1d7595, 0x1d75b4, 
0x1d7668, 0x1d76d6, 0x1d7853, 0x1d7a98, 0x1d7b0f, 0x1d7e9d, 0x1d817c, 0x1d83d2, 0x1d84b7, 0x1d850d, 
0x1d8573, 0x1d8712, 0x1d8ca1, 0x1d8e39, 0x1d8e7e, 0x1d8fb5, 0x1d8ff4, 0x1d903f, 0x1d9341, 0x1d96d4, 
0x1d9739, 0x1d97b8, 0x1d984b, 0x1d999d, 0x1d9a9a, 0x1d9aa4, 0x1d9afa, 0x1d9b47, 0x1d9b82, 0x1d9be3, 
0x1d9dff, 0x1da084, 0x1da0b1, 0x1da180, 0x1da238, 0x1da568, 0x1da694, 0x1da7ef, 0x1da96f, 0x1da999, 
0x1da9e1, 0x1daa5c, 0x1daebd, 0x1db065, 0x1db187, 0x1db1fd, 0x1db246, 0x1db496, 0x1db4d1, 0x1db627, 
0x1db72b, 0x1db732, 0x1dba31, 0x1dbbc9, 0x1dbceb, 0x1dbdef, 0x1dbe3d, 0x1dc0a6, 0x1dc1e0, 0x1dc4bc, 
0x1dc85c, 0x1dca06, 0x1dcb28, 0x1dcc94, 0x1dccb7, 0x1dcee8, 0x1dcfc8, 0x1dd2bc, 0x1dd2e1, 0x1dd51c, 
0x1dd567, 0x1dd56a, 0x1dd68c, 0x1dd6b7, 0x1dd790, 0x1dda5c, 0x1dddf7, 0x1ddf21, 0x1ddf60, 0x1de12d, 
0x1de1ce, 0x1de2cb, 0x1de3b7, 0x1de4bb, 0x1de4c2, 0x1de6e3, 0x1de7a9, 0x1de909, 0x1de921, 0x1de959, 
0x1de966, 0x1deae5, 0x1deb22, 0x1debee, 0x1dece8, 0x1ded68, 0x1ded77, 0x1deec4, 0x1deeed, 0x1df056, 
0x1df1fe, 0x1df2e5, 0x1df328, 0x1df332, 0x1df433, 0x1df483, 0x1df8c6, 0x1df93f, 0x1dfd52, 0x1dfd5c, 
0x1dfe51, 0x1dfe8f, 0x1dfe9c, 0x1dfef0, 0x1dff87, 0x1dffe4, 0x1e0025, 0x1e015a, 0x1e05a4, 0x1e06df, 
0x1e075d, 0x1e0784, 0x1e07c7, 0x1e087b, 0x1e0a0b, 0x1e0a33, 0x1e0a68, 0x1e0aa5, 0x1e0b91, 0x1e0c8c, 
0x1e0cca, 0x1e0ce2, 0x1e0d4f, 0x1e0d6b, 0x1e0dbf, 0x1e0e1b, 0x1e1539, 0x1e15c2, 0x1e15ce, 0x1e1641, 
0x1e17b2, 0x1e188c, 0x1e18af, 0x1e1afb, 0x1e2251, 0x1e2283, 0x1e22b2, 0x1e2357, 0x1e239a, 0x1e239e, 
0x1e23a2, 0x1e2443, 0x1e248a, 0x1e24eb, 0x1e25b6, 0x1e26a2, 0x1e26e1, 0x1e2aeb, 0x1e2bd1, 0x1e2c02, 
0x1e2c2d, 0x1e2c37, 0x1e2d76, 0x1e3377, 0x1e3457, 0x1e351e, 0x1e3553, 0x1e35e3, 0x1e3631, 0x1e3654, 
0x1e3732, 0x1e382e, 0x1e3bee, 0x1e3ce3, 0x1e3cfa, 0x1e3dd5, 0x1e3eac, 0x1e4034, 0x1e40e3, 0x1e41a8, 
0x1e4483, 0x1e45ab, 0x1e45c0, 0x1e45e8, 0x1e4659, 0x1e4dac, 0x1e4fe0, 0x1e518f, 0x1e567b, 0x1e5873, 
0x1e5889, 0x1e590e, 0x1e596f, 0x1e59a0, 0x1e59c5, 0x1e59c7, 0x1e5a1d, 0x1e5a40, 0x1e5b4d, 0x1e5c3f, 
0x1e5d30, 0x1e5dff, 0x1e5e27, 0x1e5f4a, 0x1e5f5e, 0x1e5f89, 0x1e63cc, 0x1e64cb, 0x1e6558, 0x1e65c2, 
0x1e6647, 0x1e6678, 0x1e669a, 0x1e66ab, 0x1e66cb, 0x1e680e, 0x1e6aeb, 0x1e752a, 0x1e75f0, 0x1e76ec, 
0x1e78f0, 0x1e791d, 0x1e7b33, 0x1e7ba7, 0x1e7c1b, 0x1e7d41, 0x1e7d51, 0x1e7eca, 0x1e7f17, 0x1e7f7e, 
0x1e8329, 0x1e8466, 0x1e84bb, 0x1e84c2, 0x1e85c5, 0x1e862a, 0x1e868a, 0x1e871b, 0x1e8778, 0x1e8782, 
0x1e87a2, 0x1e88ab, 0x1e88b2, 0x1e8a3e, 0x1e8ad4, 0x1e8b7b, 0x1e8cbb, 0x1e8ccf, 0x1e8d53, 0x1e8e1d, 
0x1e955d, 0x1e95b1, 0x1e9625, 0x1e96d9, 0x1e977a, 0x1e9805, 0x1e9863, 0x1e98a5, 0x1e9b06, 0x1e9fb5, 
0x1e9fc2, 0x1ea672, 0x1ea84a, 0x1ea98d, 0x1eac22, 0x1eac73, 0x1eac89, 0x1eada9, 0x1eb0d3, 0x1eb1f3, 
0x1eb24d, 0x1eb25d, 0x1eb4b7, 0x1eb8d4, 0x1eba66, 0x1ebaa5, 0x1ebab8, 0x1ebf70, 0x1ebfad, 0x1ebfd0, 
0x1ec01d, 0x1ec086, 0x1ec233, 0x1ec306, 0x1ec33e, 0x1ec352, 0x1ec452, 0x1ec8a3, 0x1ec8e2, 0x1ecabe, 
0x1ecb29, 0x1ecb91, 0x1ecbdd, 0x1eccc9, 0x1ece0d, 0x1ece5a, 0x1ed131, 0x1ed185, 0x1ed54e, 0x1ed827, 
0x1ed905, 0x1ed970, 0x1ed9bc, 0x1edc4a, 0x1edc97, 0x1edcbd, 0x1edcd9, 0x1edead, 0x1edf80, 0x1edfcc, 
0x1edfe6, 0x1ee021, 0x1ee1a8, 0x1ee244, 0x1ee283, 0x1ee738, 0x1ee80b, 0x1ee857, 0x1ee9be, 0x1eea87, 
0x1eead4, 0x1eeb2e, 0x1eec29, 0x1eefc8, 0x1ef046, 0x1ef081, 0x1ef0c0, 0x1ef4a1, 0x1ef636, 0x1ef66a, 
0x1ef70b, 0x1efab9, 0x1efbc5, 0x1efc4a, 0x1efc81, 0x1efd32, 0x1f03f8, 0x1f0464, 0x1f0488, 0x1f04e7, 
0x1f0584, 0x1f0594, 0x1f05a3, 0x1f05b0, 0x1f06d6, 0x1f0a80, 0x1f0c76, 0x1f0e08, 0x1f0e0f, 0x1f0ec0, 
0x1f0fbe, 0x1f0fe1, 0x1f0fef, 0x1f1056, 0x1f105d, 0x1f10e6, 0x1f10ed, 0x1f1114, 0x1f123d, 0x1f171d, 
0x1f179f, 0x1f1827, 0x1f18c3, 0x1f18eb, 0x1f199b, 0x1f1a1b, 0x1f1b0b, 0x1f1b17, 0x1f1b84, 0x1f1b94, 
0x1f1bd0, 0x1f1bd1, 0x1f1df7, 0x1f1e42, 0x1f1e7c, 0x1f1eaf, 0x1f1f1d, 0x1f1f3a, 0x1f207a, 0x1f28a3, 
0x1f294b, 0x1f2d47, 0x1f34ca, 0x1f34da, 0x1f3502, 0x1f353a, 0x1f3557, 0x1f35f3, 0x1f3602, 0x1f3716, 
0x1f3780, 0x1f3784, 0x1f3814, 0x1f383b, 0x1f3a16, 0x1f3a74, 0x1f3c20, 0x1f3d2b, 0x1f3db4, 0x1f3dd5, 
0x1f3f90, 0x1f42a3, 0x1f4526, 0x1f4577, 0x1f45b6, 0x1f4607, 0x1f4666, 0x1f4703, 0x1f4713, 0x1f4722, 
0x1f4741, 0x1f4b81, 0x1f4b9a, 0x1f4c06, 0x1f4cd2, 0x1f4cee, 0x1f4ee5, 0x1f4efd, 0x1f4f86, 0x1f4f9a, 
0x1f51af, 0x1f51ec, 0x1f53df, 0x1f5633, 0x1f56cf, 0x1f56db, 0x1f5701, 0x1f572f, 0x1f5760, 0x1f65a4, 
0x1f6ac1, 0x1f6b54, 0x1f6d48, 0x1f6e4b, 0x1f6eda, 0x1f6ee7, 0x1f702c, 0x1f706f, 0x1f7074, 0x1f70aa, 
0x1f7104, 0x1f7589, 0x1f75d9, 0x1f7620, 0x1f7642, 0x1f76da, 0x1f776a, 0x1f7771, 0x1f7798, 0x1f7b58, 
0x1f7da1, 0x1f7f47, 0x1f819c, 0x1f81b5, 0x1f8221, 0x1f8309, 0x1f86f6, 0x1f8786, 0x1f87e5, 0x1f8882, 
0x1f8892, 0x1f88a1, 0x1f89d4, 0x1f8a96, 0x1f8c8f, 0x1f8ec4, 0x1f8f31, 0x1f90f8, 0x1f94d4, 0x1f9609, 
0x1f9a1b, 0x1f9b54, 0x1f9bc1, 0x1f9cb6, 0x1f9db4, 0x1f9e20, 0x1f9eb8, 0x1f9f48, 0x1f9f4f, 0x1f9f6c, 
0x1f9f76, 0x1fa250, 0x1fa869, 0x1fa8d0, 0x1fab47, 0x1fabf8, 0x1facf1, 0x1fad8d, 0x1fadab, 0x1faefb, 
0x1fafae, 0x1fb02a, 0x1fb078, 0x1fb094, 0x1fb449, 0x1fb55a, 0x1fb597, 0x1fb641, 0x1fb6ab, 0x1fb751, 
0x1fb842, 0x1fb8e3, 0x1fb8ff, 0x1fba94, 0x1fbf2c, 0x1fc269, 0x1fc311, 0x1fc31e, 0x1fc337, 0x1fc5a1, 
0x1fc5a2, 0x1fc5f6, 0x1fc60e, 0x1fc875, 0x1fc905, 0x1fc964, 0x1fca01, 0x1fca11, 0x1fca20, 0x1fceed, 
0x1fcfb7, 0x1fd158, 0x1fd1dd, 0x1fd2c5, 0x1fdcae, 0x1fdd3e, 0x1fddb1, 0x1fdf9e, 0x1fe5e5, 0x1fe681, 
0x1fe6af, 0x1fe7fe, 0x1fe8ab, 0x1fe94c, 0x1fea77, 0x1fea94, 0x1feaec, 0x1feb6e, 0x1feb75, 0x1febb2, 
0x1fec82, 0x1feff9, 0x1ff095, 0x1ff0a1, 0x1ff1bd, 0x1ff8d8, 0x1ffc8d, 0x1ffd4e, 0x1fff51, 0x1fff85, 
0x1fff8a, 0x20009f, 0x200146, 0x2001a9, 0x2001d8, 0x200210, 0x20023e, 0x200245, 0x2003a6, 0x2004a4, 
0x2004c7, 0x20053c, 0x2005cc, 0x2005d3, 0x2005fa, 0x200950, 0x200979, 0x2009c9, 0x2009d6, 0x2009eb, 
0x200bfa, 0x200c47, 0x200d76, 0x200e72, 0x200ea7, 0x2012bc, 0x201319, 0x201455, 0x201981, 0x201a88, 
0x201b3a, 0x201b78, 0x201b9b, 0x201bf0, 0x201c00, 0x201ce4, 0x201cee, 0x201f38, 0x2022e1, 0x20236f, 
0x202393, 0x2023a3, 0x2023e9, 0x202b22, 0x202e03, 0x203325, 0x2036e0, 0x203758, 0x20376c, 0x203773, 
0x2037c9, 0x203814, 0x203a82, 0x203af6, 0x203c3e, 0x203c76, 0x203c82, 0x203d12, 0x203d2e, 0x203d51, 
0x20416b, 0x204317, 0x204388, 0x2044ce, 0x2045b9, 0x204933, 0x20498d, 0x2049ac, 0x204a6e, 0x204cd8, 
0x205075, 0x2050a5, 0x205101, 0x205115, 0x205214, 0x205292, 0x205439, 0x2055d2, 0x2058fc, 0x205904, 
0x20594d, 0x20599e, 0x205b96, 0x205c8b, 0x206236, 0x206304, 0x206414, 0x206478, 0x2064b7, 0x206512, 
0x2065a9, 0x2065bf, 0x20660f, 0x2066ce, 0x2066ea, 0x20684e, 0x206d07, 0x206d99, 0x206e95, 0x206ec6, 
0x206f79, 0x206fa5, 0x206feb, 0x20706d, 0x20715b, 0x207199, 0x2072a3, 0x2072f5, 0x207344, 0x207532, 
0x207583, 0x2075e0, 0x20762c, 0x207687, 0x2076f4, 0x207831, 0x208070, 0x20822b, 0x208835, 0x208968, 
0x2089c5, 0x208a10, 0x208ac0, 0x208ad4, 0x208bfd, 0x208c3e, 0x208c64, 0x208cf8, 0x208d23, 0x208dec, 
0x208fc6, 0x2091a0, 0x209393, 0x2093b8, 0x2097a2, 0x209864, 0x2098ae, 0x209a5b, 0x20a172, 0x20a2c5, 
0x20a5e3, 0x20a879, 0x20aca0, 0x20acdb, 0x20ad06, 0x20ad3b, 0x20ad49, 0x20ad6c, 0x20ae19, 0x20ae6a, 
0x20ae76, 0x20aefa, 0x20af39, 0x20afc9, 0x20b258, 0x20b855, 0x20bab8, 0x20bc2a, 0x20bc63, 0x20bc95, 
0x20bc9b, 0x20bcb7, 0x20bd13, 0x20bd7a, 0x20bf98, 0x20bfe7, 0x20c12e, 0x20c135, 0x20c606, 0x20c6c9, 
0x20c6f7, 0x20c707, 0x20c7a9, 0x20c7d1, 0x20c7fe, 0x20c81b, 0x20c8d9, 0x20c916, 0x20c9ef, 0x20caa0, 
0x20cac5, 0x20cb1e, 0x20cdcb, 0x20cdcc, 0x20cf2a, 0x20d5f9, 0x20d943, 0x20d973, 0x20d9e0, 0x20daa2, 
0x20daff, 0x20db7e, 0x20dec0, 0x20def3, 0x20dfa9, 0x20e072, 0x20e16e, 0x20e1a9, 0x20e34f, 0x20e3ec, 
0x20e4c1, 0x20e642, 0x20e7ac, 0x20e810, 0x20e830, 0x20e880, 0x20e88e, 0x20e8ea, 0x20e9ea, 0x20ea06, 
0x20eebe, 0x20eef9, 0x20ef4e, 0x20f0c1, 0x20f3ee, 0x20f46c, 0x20f598, 0x20f666, 0x20f715, 0x20f924, 
0x20f94a, 0x20f9f4, 0x20fa13, 0x20fb1a, 0x20fb4a, 0x20fce4, 0x20fd85, 0x20fe81, 0x2103c0, 0x210770, 
0x210807, 0x210832, 0x21089a, 0x210942, 0x2109ff, 0x210b76, 0x210f27, 0x211007, 0x2111d5, 0x2113bf, 
0x21145b, 0x2114eb, 0x2115c0, 0x211677, 0x2116c7, 0x21177a, 0x211d7a, 0x211d95, 0x211d99, 0x211df9, 
0x212033, 0x212111, 0x21216c, 0x2121cf, 0x21234d, 0x212824, 0x212937, 0x2129f3, 0x212a79, 0x212a80, 
0x212b67, 0x212e5c, 0x212fac, 0x212ffe, 0x213026, 0x213127, 0x2133c4, 0x2139a3, 0x2139f3, 0x213a19, 
0x213ad8, 0x213cab, 0x213cf6, 0x213d00, 0x213d5c, 0x213f74, 0x214266, 0x214286, 0x2142d3, 0x21439e, 
0x21441c, 0x21442c, 0x214460, 0x21448f, 0x214518, 0x214603, 0x2148fa, 0x214991, 0x214ab8, 0x21551d, 
0x215549, 0x21596d, 0x2159ea, 0x215c03, 0x215cbe, 0x215d31, 0x215d84, 0x215dc9, 0x215e2c, 0x215eb4, 
0x215ee6, 0x215f92, 0x215fdc, 0x216004, 0x216009, 0x21601a, 0x216092, 0x2160e6, 0x216168, 0x21616c, 
0x21671d, 0x2168b2, 0x216998, 0x2169fa, 0x216ab0, 0x216cb5, 0x216dd9, 0x21714f, 0x21722f, 0x21730d, 
0x217390, 0x21755b, 0x2177a0, 0x217804, 0x21792a, 0x21798a, 0x217b08, 0x217b1f, 0x217de5, 0x217f7a, 
0x21804f, 0x218790, 0x21880d, 0x2189d4, 0x2189fd, 0x218c22, 0x218c29, 0x218d1a, 0x218d2a, 0x218d61, 
0x218ef5, 0x218f01, 0x219053, 0x219073, 0x219092, 0x2192ce, 0x21931d, 0x219371, 0x2193c7, 0x2194b8, 
0x2194bf, 0x219538, 0x219786, 0x21979b, 0x219918, 0x219957, 0x219d85, 0x21a125, 0x21a21e, 0x21a6c2, 
0x21a6e2, 0x21a732, 0x21a79b, 0x21a810, 0x21a8ff, 0x21a902, 0x21a977, 0x21a9b8, 0x21a9fd, 0x21aa0e, 
0x21aaee, 0x21ab22, 0x21ab4c, 0x21af58, 0x21b1ee, 0x21b247, 0x21b295, 0x21b36f, 0x21b375, 0x21b38c, 
0x21b3ce, 0x21b3dc, 0x21b7ed, 0x21b837, 0x21b928, 0x21b92c, 0x21b989, 0x21ba73, 0x21bad2, 0x21be9b, 
0x21bf6b, 0x21c037, 0x21c0c8, 0x21c0d2, 0x21c194, 0x21c1b6, 0x21c243, 0x21c3b8, 0x21c4f8, 0x21c8fe, 
0x21c90d, 0x21c915, 0x21cb80, 0x21cbd2, 0x21cbe6, 0x21cc29, 0x21cc2d, 0x21cd25, 0x21cd2c, 0x21cd72, 
0x21cd8b, 0x21ce83, 0x21cefb, 0x21ceff, 0x21cff3, 0x21d219, 0x21d34c, 0x21d51c, 0x21d7e8, 0x21d8ca, 
0x21d908, 0x21d9e1, 0x21da4e, 0x21da6a, 0x21da76, 0x21db57, 0x21df67, 0x21dfcb, 0x21e013, 0x21e157, 
0x21e4bf, 0x21e578, 0x21e57f, 0x21e5da, 0x21e6b5, 0x21e6c1, 0x21e711, 0x21e78f, 0x21e7ce, 0x21e862, 
0x21e8e6, 0x21e905, 0x21ea2d, 0x21ea7d, 0x21eab0, 0x21ebba, 0x21ec44, 0x21ec6a, 0x21ecb9, 0x21ef64, 
0x21f418, 0x21f69b, 0x21fc46, 0x21fe06, 0x21ff6e, 0x21fffe, 0x220105, 0x22018f, 0x22019f, 0x2201f2, 
0x22025e, 0x2203bd, 0x220666, 0x220710, 0x22071f, 0x220724, 0x220824, 0x220829, 0x2208a5, 0x2208b4, 
0x2208b9, 0x220a05, 0x220afd, 0x220b33, 0x220b88, 0x220bcb, 0x220c0c, 0x220c4a, 0x220dac, 0x220ebe, 
0x220f42, 0x22103c, 0x221097, 0x221355, 0x2215dc, 0x2217a7, 0x22180d, 0x22191c, 0x221b53, 0x221b98, 
0x221d63, 0x222469, 0x222680, 0x222787, 0x2227f8, 0x22280f, 0x2229d6, 0x223284, 0x2232bc, 0x2233b7, 
0x22351b, 0x223534, 0x223537, 0x2235b0, 0x223865, 0x223a4a, 0x223a7b, 0x223bc9, 0x223be0, 0x223c7d, 
0x223c8d, 0x223ca6, 0x223cd7, 0x223d25, 0x223dc6, 0x223dd0, 0x223df1, 0x223e29, 0x223f45, 0x223f9b, 
0x224186, 0x224227, 0x224284, 0x224981, 0x224ab3, 0x224ab8, 0x224c7b, 0x224ede, 0x224f3d, 0x224f5c, 
0x224fb8, 0x22501a, 0x22530e, 0x225426, 0x2254d5, 0x22558c, 0x22561c, 0x225623, 0x225668, 0x2257c0, 
0x225a55, 0x225c90, 0x225d0d, 0x225d8c, 0x226245, 0x22631c, 0x2264f4, 0x226571, 0x2265a2, 0x22661c, 
0x22671d, 0x226e10, 0x226f29, 0x226fc5, 0x227017, 0x227456, 0x22771e, 0x227840, 0x227a06, 0x227bbc, 
0x227bcc, 0x227bd3, 0x227c70, 0x227e1b, 0x227f4e, 0x227fbb, 0x2280b8, 0x228293, 0x22835c, 0x2283c5, 
0x228720, 0x228730, 0x228737, 0x228744, 0x228817, 0x228b02, 0x228de6, 0x228f08, 0x2290ce, 0x229397, 
0x22955d, 0x22956d, 0x22961f, 0x22967f, 0x229795, 0x22985f, 0x229c23, 0x229d2e, 0x22a11b, 0x22a1b1, 
0x22a1e9, 0x22a232, 0x22a4aa, 0x22a5c5, 0x22a787, 0x22a892, 0x22aa5f, 0x22ac25, 0x22ac35, 0x22adcf, 
0x22ae4b, 0x22af46, 0x22af7d, 0x22b026, 0x22b664, 0x22bd3e, 0x22bd6f, 0x22bd7f, 0x22bd93, 0x22bddf, 
0x22be70, 0x22bfc1, 0x22c19b, 0x22c2d2, 0x22c2f5, 0x22c32a, 0x22c393, 0x22c3e9, 0x22c42d, 0x22c44a, 
0x22c4fe, 0x22c587, 0x22c5ed, 0x22c66f, 0x22c73a, 0x22c836, 0x22c8ed, 0x22c9a5, 0x22c9d1, 0x22cb34, 
0x22cb85, 0x22cc0a, 0x22cc84, 0x22cc89, 0x22ccf8, 0x22cd02, 0x22ce36, 0x22ce93, 0x22d672, 0x22d8ea, 
0x22d903, 0x22d955, 0x22db31, 0x22db32, 0x22db70, 0x22dc83, 0x22dcd0, 0x22dd85, 0x22ddce, 0x22df18, 
0x22df55, 0x22e001, 0x22e535, 0x22e5bb, 0x22e5c7, 0x22e786, 0x22ed98, 0x22edca, 0x22eded, 0x22ee5e, 
0x22f022, 0x22f209, 0x22f34b, 0x22f667, 0x22f68f, 0x22f6da, 0x22f733, 0x22f79e, 0x22f8c7, 0x22fc1e, 
0x22fd2f, 0x22feca, 0x22fed1, 0x22ff50, 0x22ffa4, 0x230171, 0x2302f0, 0x2303b6, 0x23044b, 0x23044f, 
0x230485, 0x2305ab, 0x23087a, 0x230a28, 0x230a32, 0x230b65, 0x230c40, 0x230cc4, 0x23110a, 0x231592, 
0x231599, 0x23160a, 0x23167b, 0x23182a, 0x231893, 0x2319a8, 0x2319b4, 0x231b66, 0x231b82, 0x231c79, 
0x231cde, 0x231d3c, 0x231dc6, 0x231f3b, 0x2323bf, 0x23244d, 0x2325b3, 0x2325eb, 0x232ab5, 0x232b8d, 
0x232c14, 0x232e87, 0x232f23, 0x232fb3, 0x233321, 0x233351, 0x2333f2, 0x233402, 0x233427, 0x233484, 
0x2334b0, 0x2334b3, 0x233610, 0x2337bb, 0x2337f0, 0x233902, 0x2339ca, 0x233d60, 0x233dae, 0x233dbd, 
0x233e82, 0x233f48, 0x233fec, 0x234344, 0x23448b, 0x23477f, 0x2349f0, 0x234a6e, 0x234b9a, 0x234bad, 
0x234bdf, 0x234d8a, 0x23514f, 0x235187, 0x2351a1, 0x2352a5, 0x23534d, 0x235375, 0x2356ee, 0x235711, 
0x23576b, 0x23581c, 0x2359c1, 0x235a81, 0x235b4d, 0x235f35, 0x23614b, 0x236526, 0x23654e, 0x23657b, 
0x236730, 0x2367fe, 0x23697a, 0x236af0, 0x236b3f, 0x236b42, 0x236c12, 0x236c1d, 0x236c71, 0x236ce7, 
0x236cfd, 0x236d4d, 0x2370b2, 0x2370fe, 0x2371bd, 0x23744a, 0x2374e6, 0x237525, 0x237582, 0x237651, 
0x237a34, 0x237bf1, 0x237edf, 0x237f2d, 0x237f40, 0x238001, 0x2380c7, 0x238105, 0x238459, 0x2384ab, 
0x238675, 0x2386ad, 0x238970, 0x238b17, 0x238b3c, 0x238b4d, 0x238c25, 0x238c41, 0x238caf, 0x238ce1, 
0x238d1c, 0x238d30, 0x238dac, 0x238deb, 0x239057, 0x2393cf, 0x23949e, 0x2394c0, 0x23956d, 0x2397a6, 
0x239880, 0x239942, 0x239a0c, 0x239a59, 0x23a045, 0x23a177, 0x23a51f, 0x23a53c, 0x23a67e, 0x23a6cd, 
0x23a790, 0x23a7c9, 0x23ae86, 0x23aeaa, 0x23b22b, 0x23b271, 0x23b32a, 0x23b401, 0x23b40e, 0x23b4bd, 
0x23b65c, 0x23b7d4, 0x23b7e1, 0x23b9e5, 0x23bba9, 0x23bbb3, 0x23bbde, 0x23bc09, 0x23bc34, 0x23bc91, 
0x23bc94, 0x23bd42, 0x23bd95, 0x23be53, 0x23be6f, 0x23be79, 0x23c6c7, 0x23c76b, 0x23c80c, 0x23c811, 
0x23c91e, 0x23cd4e, 0x23cec1, 0x23cee4, 0x23cfc0, 0x23d061, 0x23d152, 0x23d162, 0x23d32d, 0x23d742, 
0x23d7d4, 0x23d85f, 0x23d9e0, 0x23d9e5, 0x23df40, 0x23e06d, 0x23e1c2, 0x23e3a4, 0x23e406, 0x23e445, 
0x23e581, 0x23e85a, 0x23ea5f, 0x23f251, 0x23f447, 0x23f591, 0x23f5a1, 0x23f635, 0x23f6a0, 0x23f946, 
0x23f954, 0x23fa06, 0x23fa0b, 0x23fa59, 0x23fb63, 0x23fd8a, 0x23fdb2, 0x23ff38, 0x23ff48, 0x23ff5c, 
0x240066, 0x2401c9, 0x2402eb, 0x2404eb, 0x2408f0, 0x240d2e, 0x240d61, 0x240d7a, 0x240d7e, 0x2411d6, 
0x24132b, 0x241345, 0x241399, 0x241450, 0x2415f2, 0x241620, 0x241755, 0x24180b, 0x2419da, 0x241ad6, 
0x241b77, 0x241d5e, 0x242065, 0x242119, 0x242153, 0x24216f, 0x2421f8, 0x242246, 0x2422b1, 0x242819, 
0x242893, 0x242989, 0x2429a0, 0x2429f3, 0x242a0a, 0x242b85, 0x242c99, 0x242ce2, 0x242dd9, 0x242f20, 
0x242fa9, 0x2430e7, 0x243244, 0x24351e, 0x2435f0, 0x2436ab, 0x2436d0, 0x2436e8, 0x243746, 0x24374b, 
0x243760, 0x243798, 0x24411d, 0x24423e, 0x244392, 0x2447b5, 0x244950, 0x244c38, 0x244cad, 0x244d2a, 
0x244eb1, 0x244f5a, 0x24532f, 0x24543b, 0x245880, 0x245a30, 0x245a3f, 0x245a53, 0x245bbb, 0x245c0d, 
0x245c88, 0x245d08, 0x245d0d, 0x245d23, 0x245d85, 0x245e5a, 0x2462af, 0x2462b9, 0x2462e7, 0x24633d, 
0x24635d, 0x2463f6, 0x24658c, 0x2465ba, 0x24661a, 0x246694, 0x246708, 0x246732, 0x2467dc, 0x246830, 
0x24709e, 0x2472fd, 0x24734a, 0x247377, 0x247383, 0x2473d9, 0x2473f6, 0x247573, 0x247624, 0x247669, 
0x2476ae, 0x2476b1, 0x247734, 0x2477f3, 0x247894, 0x247b10, 0x247ba0, 0x24801f, 0x248352, 0x24891d, 
0x248a9a, 0x248aa7, 0x248ab6, 0x248c19, 0x248c30, 0x248cc9, 0x248cef, 0x248d39, 0x248f8a, 0x248ffb, 
0x249008, 0x24903f, 0x24904c, 0x249059, 0x2490cf, 0x249125, 0x249183, 0x2492ef, 0x249713, 0x249931, 
0x2499f0, 0x249bb3, 0x249bba, 0x249cfc, 0x249de3, 0x24a3d7, 0x24a411, 0x24a42e, 0x24a445, 0x24a4bc, 
0x24a550, 0x24a666, 0x24af4e, 0x24afe2, 0x24b386, 0x24b65f, 0x24b92d, 0x24bd1d, 0x24c381, 0x24c398, 
0x24c518, 0x24c5c7, 0x24c7b7, 0x24c819, 0x24c88f, 0x24c928, 0x24cc1c, 0x24cc23, 0x24ce4a, 0x24ceab, 
0x24d0e2, 0x24d2e0, 0x24d78a, 0x24d797, 0x24d800, 0x24d819, 0x24d871, 0x24da0f, 0x24da7e, 0x24dc4e, 
0x24dcde, 0x24dd22, 0x24dd2f, 0x24dd4f, 0x24dd61, 0x24deae, 0x24eea9, 0x24f145, 0x24f1b5, 0x24f21b, 
0x24f3af, 0x24f3f4, 0x24f40c, 0x24f421, 0x24f566, 0x24f6cb, 0x24f6e1, 0x24f700, 0x24f9ba, 0x24ff04, 
0x25023a, 0x250259, 0x25026d, 0x2503b1, 0x2503d1, 0x2503f3, 0x2504aa, 0x250500, 0x25051c, 0x25057d, 
0x2505ae, 0x250609, 0x250654, 0x250718, 0x25073f, 0x25079c, 0x250ad8, 0x250b6c, 0x250bb9, 0x250c0f, 
0x250d48, 0x250d96, 0x250da6, 0x250dcb, 0x250f12, 0x250f5f, 0x250fc3, 0x2511c6, 0x25164b, 0x25184f, 
0x251a2a, 0x251b7f, 0x251bf1, 0x251c61, 0x251d3a, 0x251d3f, 0x251e9e, 0x251ec7, 0x2521a1, 0x252437, 
0x252635, 0x25263b, 0x25280a, 0x252838, 0x25291c, 0x252926, 0x2529e5, 0x253290, 0x2532ae, 0x253368, 
0x25348a, 0x2536ce, 0x2536d2, 0x25382d, 0x25385e, 0x25387e, 0x2539af, 0x253afc, 0x253b3e, 0x253b42, 
0x253b69, 0x253d7f, 0x253e10, 0x253e43, 0x253f4a, 0x253fbe, 0x254145, 0x2541b4, 0x2541d9, 0x25422c, 
0x2542c0, 0x25438b, 0x2546a2, 0x2546b3, 0x254747, 0x254927, 0x254abf, 0x254e11, 0x25506c, 0x255209, 
0x255237, 0x255408, 0x25549b, 0x2555c3, 0x255719, 0x255874, 0x255889, 0x255988, 0x255a8e, 0x255aa2, 
0x255cfd, 0x255eaa, 0x256020, 0x2560ae, 0x2561ca, 0x256246, 0x25651c, 0x2568cf, 0x256a79, 0x256acd, 
0x256d3a, 0x256daf, 0x257093, 0x257361, 0x25762e, 0x2579c1, 0x2579d1, 0x257b6f, 0x257c41, 0x25806a, 
0x2580ff, 0x25818f, 0x258300, 0x25835b, 0x258452, 0x25846e, 0x258a34, 0x258d48, 0x258db0, 0x258e72, 
0x258f47, 0x258ff6, 0x2592ac, 0x259362, 0x259372, 0x259505, 0x259536, 0x25985e, 0x259a2b, 0x259a4f, 
0x259b30, 0x25a0f1, 0x25a3be, 0x25a751, 0x25a799, 0x25a7df, 0x25a7ff, 0x25a953, 0x25a97a, 0x25aa2a, 
0x25aa4f, 0x25aa5c, 0x25abd4, 0x25b4b4, 0x25b540, 0x25b6b6, 0x25b8ef, 0x25b9fd, 0x25bb09, 0x25c117, 
0x25c289, 0x25c32a, 0x25c3db, 0x25c451, 0x25c453, 0x25c47b, 0x25c4a6, 0x25c528, 0x25c56c, 0x25c673, 
0x25c6b4, 0x25c6cb, 0x25c73a, 0x25cb16, 0x25cb65, 0x25cdb1, 0x25cee1, 0x25cf53, 0x25cf54, 0x25d01b, 
0x25d050, 0x25d0dd, 0x25d411, 0x25d9e7, 0x25dab8, 0x25daf6, 0x25dafd, 0x25dc36, 0x25dcef, 0x25e31e, 
0x25e3ae, 0x25e404, 0x25e459, 0x25e508, 0x25e79e, 0x25e7fc, 0x25e81b, 0x25e899, 0x25e923, 0x25e93a, 
0x25e980, 0x25ea26, 0x25eabb, 0x25eac2, 0x25ecdc, 0x25eecc, 0x25ef30, 0x25f0b7, 0x25f13f, 0x25f5f9, 
0x25f770, 0x25f8a4, 0x25f8b7, 0x25f8cf, 0x25f8d7, 0x25fcac, 0x25fdf8, 0x25fe6d, 0x25fe72, 0x25fe7c, 
0x260150, 0x260276, 0x2602c3, 0x260370, 0x26046f, 0x26059b, 0x260602, 0x26060a, 0x2606e2, 0x260804, 
0x260974, 0x260e62, 0x260ef5, 0x260f7d, 0x260f8a, 0x260fbc, 0x260fca, 0x260fce, 0x2610da, 0x2610fc, 
0x26110b, 0x2611f3, 0x261258, 0x261260, 0x261278, 0x2612cc, 0x26133a, 0x2613e2, 0x26162f, 0x2616bc, 
0x26184d, 0x261c6f, 0x261c73, 0x261d13, 0x261dbb, 0x261dfa, 0x261e61, 0x2621a3, 0x262566, 0x2625a9, 
0x262665, 0x262691, 0x262717, 0x2627b5, 0x26283c, 0x2628b9, 0x262933, 0x262bf2, 0x262c02, 0x262c0f, 
0x263053, 0x2631ab, 0x2631af, 0x2631be, 0x2631f3, 0x263203, 0x263284, 0x2633ce, 0x263b81, 0x263bce, 
0x263c13, 0x264026, 0x26414b, 0x2641bb, 0x264286, 0x2642c8, 0x2649aa, 0x264a2c, 0x264aa1, 0x264cd7, 
0x264e12, 0x264e29, 0x264e2e, 0x264e3d, 0x264e85, 0x264ef4, 0x264efb, 0x264f61, 0x264f80, 0x264fbe, 
0x2650e0, 0x2650f7, 0x2650fe, 0x265106, 0x26515c, 0x2651c8, 0x2651cf, 0x265212, 0x265511, 0x26552d, 
0x26554c, 0x26555c, 0x2655af, 0x2658dd, 0x26596d, 0x2659e4, 0x265a74, 0x266286, 0x2662fa, 0x26644f, 
0x266678, 0x266982, 0x266be9, 0x266c0e, 0x266c2b, 0x266d65, 0x266d71, 0x266d8e, 0x266db7, 0x266dde, 
0x266e46, 0x266ecd, 0x266ed4, 0x266f61, 0x266fb5, 0x26748d, 0x267507, 0x2675e6, 0x26777c, 0x2678dc, 
0x2678fc, 0x2679ba, 0x267a83, 0x267a9a, 0x267c25, 0x267c8f, 0x2681c4, 0x268304, 0x268323, 0x268392, 
0x26845e, 0x26850f, 0x268788, 0x268fc4, 0x26906f, 0x2690ef, 0x269256, 0x2692ed, 0x2693d3, 0x26952a, 
0x26972d, 0x26986d, 0x2698de, 0x269b62, 0x269b73, 0x269dea, 0x26a216, 0x26a26d, 0x26a273, 0x26a39e, 
0x26a39f, 0x26a3a7, 0x26a5f1, 0x26a6c6, 0x26a94e, 0x26a95a, 0x26aa2a, 0x26aae7, 0x26ab13, 0x26ace3, 
0x26ad9f, 0x26adf5, 0x26ae6e, 0x26af2d, 0x26b04c, 0x26b148, 0x26b1b1, 0x26b378, 0x26b504, 0x26b508, 
0x26ba3a, 0x26bb8a, 0x26bc31, 0x26bc32, 0x26bd34, 0x26bdb8, 0x26bdd0, 0x26be1f, 0x26be73, 0x26beeb, 
0x26bf07, 0x26bfea, 0x26c6df, 0x26c6ee, 0x26c714, 0x26c748, 0x26c77c, 0x26c7fd, 0x26c844, 0x26c86a, 
0x26ca5d, 0x26cb0d, 0x26cc99, 0x26ce2f, 0x26d2fa, 0x26d3ad, 0x26d470, 0x26d48a, 0x26dda0, 0x26e078, 
0x26e0c5, 0x26e0cc, 0x26e137, 0x26e2b4, 0x26e2bb, 0x26e2c6, 0x26e2cd, 0x26e326, 0x26e629, 0x26e641, 
0x26e6c4, 0x26e6d1, 0x26e7cd, 0x26e8ae, 0x26ec74, 0x26ec9b, 0x26eca7, 0x26ee1c, 0x26ee33, 0x26ee52, 
0x26eedc, 0x26eeec, 0x26ef4c, 0x26ef62, 0x26efba, 0x26f056, 0x26f0f7, 0x26f186, 0x26f6f7, 0x26f871, 
0x26f8d4, 0x26f960, 0x26fa2f, 0x26fbda, 0x26fc76, 0x26fd06, 0x26fe5c, 0x2703dd, 0x2704a3, 0x2704c5, 
0x270526, 0x27067e, 0x270728, 0x270780, 0x2709e6, 0x270da4, 0x270eee, 0x270f8a, 0x270fc9, 0x271026, 
0x2710f5, 0x271164, 0x271407, 0x27157f, 0x27160f, 0x2719e6, 0x271acf, 0x271b0d, 0x271c0f, 0x271d5e, 
0x271db2, 0x271eb9, 0x272381, 0x27239d, 0x2724b3, 0x272542, 0x272957, 0x2729f8, 0x272ba4, 0x272c36, 
0x272cec, 0x272dd5, 0x272f15, 0x272fb2, 0x273087, 0x2732d2, 0x27335a, 0x27347a, 0x273581, 0x273a1e, 
0x273a73, 0x273d12, 0x273fce, 0x273fd8, 0x27415a, 0x274161, 0x274179, 0x274187, 0x2741be, 0x2741ef, 
0x274327, 0x27444e, 0x2744e5, 0x2744f1, 0x274595, 0x2745ca, 0x27467c, 0x2746c8, 0x2746d2, 0x27502b, 
0x275af3, 0x275b1c, 0x275b8c, 0x275ba9, 0x275c60, 0x275c8a, 0x275d4c, 0x275d8a, 0x275d97, 0x275de1, 
0x275deb, 0x275e63, 0x276013, 0x276041, 0x2760b7, 0x2760c4, 0x27614a, 0x276162, 0x27625e, 0x276266, 
0x276328, 0x27694b, 0x2769fb, 0x276a84, 0x276a98, 0x276acd, 0x276b79, 0x276b83, 0x276bc9, 0x276bce, 
0x276d32, 0x276e21, 0x276ef0, 0x277062, 0x27748c, 0x2774a7, 0x2774ab, 0x27755c, 0x2775af, 0x2775ec, 
0x2775f0, 0x277634, 0x2776b4, 0x2776e4, 0x27773a, 0x27773d, 0x277d2e, 0x277d32, 0x277d36, 0x277db1, 
0x277dbe, 0x278115, 0x27834a, 0x2788ab, 0x278ac9, 0x278dcb, 0x278e54, 0x278e5b, 0x278eda, 0x279009, 
0x27927a, 0x27934b, 0x279355, 0x279383, 0x279399, 0x2793a8, 0x2793f1, 0x279546, 0x2796db, 0x2796e7, 
0x2797e5, 0x279852, 0x27994e, 0x279992, 0x2799b8, 0x2799bf, 0x279a14, 0x279a30, 0x279b03, 0x279b60, 
0x279b63, 0x279bd9, 0x279c51, 0x279cd3, 0x279d28, 0x279f16, 0x27a1a5, 0x27a7e5, 0x27a875, 0x27a99a, 
0x27aa35, 0x27ac68, 0x27ac70, 0x27acdc, 0x27ad2f, 0x27ad8d, 0x27b078, 0x27b0cc, 0x27b67f, 0x27b767, 
0x27b77d, 0x27bead, 0x27bf3b, 0x27c075, 0x27c159, 0x27c5a3, 0x27c6d4, 0x27c72f, 0x27c7e9, 0x27c87c, 
0x27c8c5, 0x27c9c0, 0x27cb42, 0x27cfc3, 0x27cfed, 0x27d053, 0x27d092, 0x27d230, 0x27d42b, 0x27d5ed, 
0x27d759, 0x27d85e, 0x27d869, 0x27d8a1, 0x27d8d6, 0x27d8ea, 0x27dad4, 0x27db95, 0x27dbce, 0x27ddbc, 
0x27ddc1, 0x27e22e, 0x27e25c, 0x27e2c6, 0x27e336, 0x27e7b7, 0x27e7f6, 0x27ea93, 0x27ef89, 0x27f47a, 
0x27f5ea, 0x27f60f, 0x27f653, 0x27f74f, 0x27f79c, 0x27f7b1, 0x27f7c2, 0x27f82a, 0x27f837, 0x27fa15, 
0x27fa1f, 0x27fa2f, 0x27fbd7, 0x27fbf8, 0x27fd09, 0x27fd7d, 0x27feab, 0x28002c, 0x28004e, 0x2800ba, 
0x2800ee, 0x28029c, 0x28071f, 0x28093b, 0x280a12, 0x280c46, 0x280ca1, 0x280f78, 0x2812d9, 0x281317, 
0x28137a, 0x281421, 0x2814de, 0x281526, 0x2815e3, 0x281692, 0x2816b0, 0x28188d, 0x281add, 0x281cbe, 
0x281e05, 0x281e34, 0x281f14, 0x281f30, 0x281f53, 0x282094, 0x2823f9, 0x2826ae, 0x2828b8, 0x2829b4, 
0x2829e5, 0x2830f1, 0x283244, 0x283369, 0x283494, 0x2834c1, 0x2835f3, 0x28364b, 0x2837ea, 0x283bf9, 
0x283c01, 0x283d05, 0x283ded, 0x283e6f, 0x283e93, 0x283eac, 0x2841d1, 0x284290, 0x2842e4, 0x284359, 
0x284487, 0x284490, 0x2844e4, 0x2845f3, 0x28460c, 0x284701, 0x28471c, 0x284906, 0x284dbd, 0x284e29, 
0x284e60, 0x28508b, 0x285196, 0x2851d1, 0x285226, 0x28522d, 0x28560f, 0x28564c, 0x285650, 0x28566c, 
0x2856bc, 0x2856ca, 0x285726, 0x285826, 0x285cc6, 0x285fbe, 0x285fcf, 0x2860fb, 0x286698, 0x286830, 
0x28684f, 0x286956, 0x286b20, 0x286b2a, 0x286b88, 0x286bc1, 0x286d04, 0x286d0e, 0x286d94, 0x286de3, 
0x286e5d, 0x286e68, 0x286ef3, 0x28750f, 0x2875ac, 0x287612, 0x28766e, 0x287a8c, 0x287b42, 0x287bc9, 
0x287c3e, 0x287c4f, 0x287d3a, 0x287e1c, 0x287e73, 0x287eff, 0x287f1b, 0x287f5e, 0x287f76, 0x287fb8, 
0x287fc8, 0x288431, 0x2884d4, 0x288521, 0x288570, 0x2886ae, 0x28873b, 0x28889c, 0x288d3e, 0x28911b, 
0x28942b, 0x2898c3, 0x2898f4, 0x289937, 0x289a64, 0x28a0b9, 0x28a27d, 0x28a289, 0x28a34c, 0x28a37b, 
0x28a385, 0x28a3dc, 0x28a44b, 0x28a7eb, 0x28a823, 0x28a83f, 0x28a902, 0x28a907, 0x28a923, 0x28a927, 
0x28aa0b, 0x28aaa0, 0x28ac22, 0x28ac59, 0x28b3ab, 0x28b541, 0x28b585, 0x28b5b3, 0x28b5ff, 0x28b80f, 
0x28b9fe, 0x28ba06, 0x28ba6b, 0x28bb02, 0x28bc1e, 0x28bce0, 0x28bd02, 0x28bd19, 0x28bd2a, 0x28bd8a, 
0x28bde9, 0x28be68, 0x28c3a7, 0x28c5ee, 0x28c8ef, 0x28d11d, 0x28d3cd, 0x28d47d, 0x28d4ab, 0x28d4bb, 
0x28d51e, 0x28d5cf, 0x28d68d, 0x28d69d, 0x28d6be, 0x28d6ca, 0x28d784, 0x28d7a3, 0x28d83b, 0x28d854, 
0x28d8d3, 0x28dc62, 0x28dcbf, 0x28dd1c, 0x28dee0, 0x28def5, 0x28e207, 0x28e280, 0x28e2bd, 0x28e2e1, 
0x28e3b1, 0x28e3dc, 0x28e52b, 0x28e600, 0x28e6c2, 0x28eb54, 0x28eb72, 0x28ebb2, 0x28ec45, 0x28f167, 
0x28f59a, 0x28f60b, 0x28f859, 0x28f8c2, 0x28f8c4, 0x28f938, 0x28f992, 0x28f9a0, 0x28fa64, 0x28fa80, 
0x28fab8, 0x28fba8, 0x28fbe6, 0x28fc09, 0x28fc5e, 0x28fc82, 0x28fd52, 0x28ff74, 0x28ffa6, 0x29034f, 
0x2903dd, 0x290411, 0x29047e, 0x290553, 0x290881, 0x290aac, 0x290ac8, 0x290b90, 0x290f43, 0x2912d9, 
0x291319, 0x291333, 0x291352, 0x291414, 0x29143a, 0x29167e, 0x291821, 0x291892, 0x2918e4, 0x291942, 
0x291c8a, 0x291d16, 0x291dd5, 0x291e18, 0x291e61, 0x291e74, 0x291f8c, 0x291fa8, 0x291faf, 0x29236a, 
0x292854, 0x2929c3, 0x2929eb, 0x292a8c, 0x292cd6, 0x292cf2, 0x292d50, 0x292dd3, 0x293268, 0x293294, 
0x2932ad, 0x2933b3, 0x2933b8, 0x293562, 0x29364d, 0x293666, 0x2937a4, 0x29394e, 0x293a3a, 0x294042, 
0x294315, 0x294393, 0x2943a3, 0x294686, 0x294871, 0x294908, 0x29494c, 0x294ad1, 0x294bb0, 0x294d28, 
0x294e30, 0x2951cd, 0x2951d1, 0x2952b4, 0x2952ec, 0x2953d2, 0x295473, 0x295971, 0x295a59, 0x295a60, 
0x295b1c, 0x295e91, 0x295ee1, 0x295f86, 0x295f94, 0x296037, 0x29629d, 0x296380, 0x296a67, 0x296b4f, 
0x296b50, 0x296b54, 0x296b8e, 0x296c57, 0x296c77, 0x296ca1, 0x296cc8, 0x296ce4, 0x296d5a, 0x296dd0, 
0x296def, 0x296f4c, 0x29726b, 0x297290, 0x2972f0, 0x29736a, 0x29736f, 0x2973de, 0x2973e8, 0x297408, 
0x29751c, 0x2976df, 0x297837, 0x29794d, 0x297af3, 0x297b21, 0x297bef, 0x297c1b, 0x297c30, 0x297cc9, 
0x297d7e, 0x29832a, 0x2984fd, 0x298681, 0x298782, 0x2988d3, 0x298aac, 0x298f15, 0x298f7e, 0x298fb6, 
0x299035, 0x29924b, 0x29932b, 0x299338, 0x29946f, 0x2995ce, 0x2995f9, 0x299acd, 0x299b5d, 0x299bc5, 
0x299bc8, 0x299ce8, 0x299d0a, 0x299d3b, 0x299e42, 0x299fd6, 0x29a88c, 0x29a972, 0x29a983, 0x29a9ce, 
0x29aa5b, 0x29ab17, 0x29ab6a, 0x29ac48, 0x29ad31, 0x29b00f, 0x29b3dd, 0x29b3f1, 0x29b4ac, 0x29b4d1, 
0x29b559, 0x29b63c, 0x29b711, 0x29b950, 0x29b993, 0x29b99f, 0x29ba62, 0x29ba9b, 0x29bb19, 0x29bc4d, 
0x29c0a2, 0x29c1d0, 0x29c4fd, 0x29c5ed, 0x29c5fc, 0x29c63a, 0x29c647, 0x29c6d3, 0x29c732, 0x29c781, 
0x29c78f, 0x29c7d9, 0x29c7e6, 0x29c8cd, 0x29c8ce, 0x29c910, 0x29c99c, 0x29ca16, 0x29ca54, 0x29ca6b, 
0x29cd7e, 0x29cd8b, 0x29cd98, 0x29ce40, 0x29ce7d, 0x29cf0a, 0x29cf7c, 0x29d1c0, 0x29d835, 0x29daba, 
0x29daf4, 0x29dd1d, 0x29e451, 0x29e539, 0x29e543, 0x29e54d, 0x29e5a3, 0x29e5bc, 0x29e62b, 0x29e62e, 
0x29e6dc, 0x29e72b, 0x29e72f, 0x29e7ed, 0x29e813, 0x29e81d, 0x29e8a6, 0x29ece6, 0x29ee2d, 0x29ee65, 
0x29efaa, 0x29f007, 0x29f0cc, 0x29f173, 0x29f507, 0x29f56c, 0x29f677, 0x29f77b, 0x29f782, 0x29f792, 
0x29f945, 0x29f9df, 0x29fb0b, 0x29fc3d, 0x29fccd, 0x29fd80, 0x2a00a8, 0x2a00d0, 0x2a01db, 0x2a02df, 
0x2a02e6, 0x2a02f6, 0x2a03e9, 0x2a04fc, 0x2a0672, 0x2a0794, 0x2a07f3, 0x2a0908, 0x2a0efd, 0x2a0f35, 
0x2a101f, 0x2a10fb, 0x2a1123, 0x2a123d, 0x2a13d3, 0x2a149c, 0x2a14bf, 0x2a15ca, 0x2a1a63, 0x2a1bbd, 
0x2a1ce3, 0x2a1e60, 0x2a1ee4, 0x2a1fc5, 0x2a2023, 0x2a212e, 0x2a2573, 0x2a25c5, 0x2a26e7, 0x2a2703, 
0x2a27c8, 0x2a27eb, 0x2a2951, 0x2a2aa2, 0x2a2e3b, 0x2a2e60, 0x2a2ee6, 0x2a2f3a, 0x2a2f63, 0x2a3009, 
0x2a307e, 0x2a3107, 0x2a3286, 0x2a32d3, 0x2a33e5, 0x2a3433, 0x2a3829, 0x2a3ae9, 0x2a3dcc, 0x2a3fb4, 
0x2a40ab, 0x2a4645, 0x2a4681, 0x2a47d9, 0x2a47f1, 0x2a487f, 0x2a497d, 0x2a4a1d, 0x2a4c8a, 0x2a4ee7, 
0x2a4ffc, 0x2a5046, 0x2a5086, 0x2a51c3, 0x2a525c, 0x2a529e, 0x2a52dd, 0x2a5322, 0x2a5492, 0x2a5be1, 
0x2a5bf0, 0x2a5c68, 0x2a5c77, 0x2a5cd9, 0x2a5d60, 0x2a5dfe, 0x2a5e0d, 0x2a6006, 0x2a6192, 0x2a6222, 
0x2a62ba, 0x2a634d, 0x2a63bb, 0x2a65ac, 0x2a6898, 0x2a69e9, 0x2a6a46, 0x2a6b60, 0x2a6b8d, 0x2a6d3d, 
0x2a6e4b, 0x2a6e8d, 0x2a6eec, 0x2a6faa, 0x2a72c8, 0x2a7880, 0x2a7a20, 0x2a7ca2, 0x2a7cbf, 0x2a7cfc, 
0x2a7f3c, 0x2a8134, 0x2a81e6, 0x2a82e6, 0x2a851d, 0x2a8545, 0x2a857a, 0x2a86f0, 0x2a879e, 0x2a87f4, 
0x2a88a8, 0x2a8daa, 0x2a8f56, 0x2a9084, 0x2a9309, 0x2a9635, 0x2a9a88, 0x2a9b2d, 0x2a9b7d, 0x2a9b8f, 
0x2a9c87, 0x2a9c99, 0x2a9d2c, 0x2a9d3e, 0x2a9d86, 0x2aa3dd, 0x2aa41d, 0x2aa470, 0x2aa49b, 0x2aa4c2, 
0x2aa514, 0x2aa5cf, 0x2aa8df, 0x2aa9fc, 0x2aab82, 0x2aacb6, 0x2aad0b, 0x2aad18, 0x2aad57, 0x2aad8c, 
0x2aae93, 0x2ab45d, 0x2ab48d, 0x2ab531, 0x2ab638, 0x2ab6c5, 0x2ab9e9, 0x2abaf5, 0x2abafa, 0x2abb87, 
0x2abbaa, 0x2abbfa, 0x2abc0d, 0x2abdec, 0x2ac022, 0x2ac050, 0x2ac1aa, 0x2ac3f0, 0x2ac452, 0x2ac477, 
0x2ac490, 0x2ac62c, 0x2aced7, 0x2acef0, 0x2acf44, 0x2acfce, 0x2acfea, 0x2acff1, 0x2ad135, 0x2ad4b9, 
0x2ad513, 0x2ad59d, 0x2ad653, 0x2ad6dc, 0x2ad7ea, 0x2ad7ef, 0x2ad88b, 0x2ad92c, 0x2ad9ba, 0x2adad6, 
0x2adb07, 0x2add8c, 0x2ade1c, 0x2ae1ff, 0x2ae2e5, 0x2ae340, 0x2ae385, 0x2ae3e0, 0x2ae667, 0x2aee32, 
0x2aee40, 0x2aee56, 0x2aeeab, 0x2aef37, 0x2aef47, 0x2af213, 0x2af457, 0x2af4df, 0x2af4f8, 0x2af568, 
0x2af5b6, 0x2af749, 0x2af786, 0x2afba2, 0x2afc8b, 0x2afd8d, 0x2b0174, 0x2b06ea, 0x2b071f, 0x2b07e5, 
0x2b0853, 0x2b087e, 0x2b0886, 0x2b0a94, 0x2b0b5a, 0x2b0b86, 0x2b0b93, 0x2b0dcb, 0x2b0f4d, 0x2b1045, 
0x2b10fc, 0x2b1140, 0x2b11b5, 0x2b124c, 0x2b1273, 0x2b1349, 0x2b1365, 0x2b13ca, 0x2b13d2, 0x2b13de, 
0x2b13ea, 0x2b143e, 0x2b182e, 0x2b1910, 0x2b207c, 0x2b20bb, 0x2b2196, 0x2b2207, 0x2b220b, 0x2b2210, 
0x2b221a, 0x2b224f, 0x2b242a, 0x2b24ee, 0x2b24f1, 0x2b251e, 0x2b2532, 0x2b2661, 0x2b2a37, 0x2b2ba2, 
0x2b2c6f, 0x2b2d12, 0x2b31cf, 0x2b31d0, 0x2b335b, 0x2b3396, 0x2b358f, 0x2b3609, 0x2b3749, 0x2b3786, 
0x2b385e, 0x2b38c8, 0x2b38d8, 0x2b38e5, 0x2b3de3, 0x2b3e9f, 0x2b3ecb, 0x2b40a4, 0x2b42db, 0x2b45e3, 
0x2b4853, 0x2b485a, 0x2b4974, 0x2b49e5, 0x2b49e9, 0x2b49f8, 0x2b4a2d, 0x2b4a53, 0x2b4abe, 0x2b4bc2, 
0x2b4f3c, 0x2b50f2, 0x2b5130, 0x2b5252, 0x2b5269, 0x2b5270, 0x2b5278, 0x2b52ae, 0x2b52ce, 0x2b5721, 
0x2b57d5, 0x2b5957, 0x2b5a4f, 0x2b5adf, 0x2b5b4a, 0x2b5b56, 0x2b60f0, 0x2b6559, 0x2b68c1, 0x2b69c3, 
0x2b6dca, 0x2b6e3f, 0x2b6f05, 0x2b6f24, 0x2b700f, 0x2b7047, 0x2b707c, 0x2b71b0, 0x2b71c7, 0x2b71db, 
0x2b71e3, 0x2b7217, 0x2b73fe, 0x2b74e6, 0x2b75b0, 0x2b78c8, 0x2b7a3b, 0x2b7a47, 0x2b7a64, 0x2b7a91, 
0x2b7abc, 0x2b7b1c, 0x2b7b87, 0x2b7ba3, 0x2b7c37, 0x2b7c8b, 0x2b86e1, 0x2b8729, 0x2b87ef, 0x2b880f, 
0x2b88e3, 0x2b890a, 0x2b8940, 0x2b89ba, 0x2b89df, 0x2b8b64, 0x2b8b95, 0x2b8da6, 0x2b959e, 0x2b9646, 
0x2b9705, 0x2b9721, 0x2b9724, 0x2b9a99, 0x2ba082, 0x2ba10b, 0x2ba219, 0x2ba21e, 0x2ba2ba, 0x2ba3a0, 
0x2ba49a, 0x2ba4b8, 0x2ba4f4, 0x2ba66e, 0x2ba76e, 0x2ba9a4, 0x2baaa6, 0x2baab2, 0x2baecf, 0x2baee3, 
0x2bafe0, 0x2bb06d, 0x2bb090, 0x2bb0f3, 0x2bb287, 0x2bb596, 0x2bb5fd, 0x2bba33, 0x2bba86, 0x2bbbc6, 
0x2bbe1f, 0x2bbe9c, 0x2bc068, 0x2bc2ec, 0x2bc33e, 0x2bc394, 0x2bc3d3, 0x2bc3e9, 0x2bc442, 0x2bc4da, 
0x2bc8d8, 0x2bc955, 0x2bc99c, 0x2bca7a, 0x2bcd03, 0x2bd019, 0x2bd4e1, 0x2bd4f5, 0x2bd5dd, 0x2bd70b, 
0x2bd7bf, 0x2bd82a, 0x2bd865, 0x2bd8b3, 0x2bdd6a, 0x2bddcd, 0x2bde5e, 0x2bdfa1, 0x2be069, 0x2be0a5, 
0x2be131, 0x2be285, 0x2be323, 0x2be3bf, 0x2be404, 0x2be475, 0x2be609, 0x2be6de, 0x2be7a0, 0x2be966, 
0x2bec3f, 0x2bee94, 0x2bef69, 0x2bf03e, 0x2bf064, 0x2bf160, 0x2bf1c9, 0x2bf241, 0x2bf390, 0x2bf494, 
0x2bf520, 0x2bf663, 0x2bf7ff, 0x2bfba2, 0x2bfc10, 0x2bfc2f, 0x2bfd2f, 0x2bfdb8, 0x2bff98, 0x2c0094, 
0x2c0559, 0x2c0598, 0x2c0634, 0x2c08d0, 0x2c0a81, 0x2c0afa, 0x2c0b1b, 0x2c0b62, 0x2c0bf9, 0x2c13b1, 
0x2c13be, 0x2c144a, 0x2c14a1, 0x2c1510, 0x2c158a, 0x2c1680, 0x2c1854, 0x2c19e6, 0x2c1b8c, 0x2c1c75, 
0x2c1c7f, 0x2c1ca6, 0x2c1d13, 0x2c1db3, 0x2c1efb, 0x2c2057, 0x2c208f, 0x2c20a7, 0x2c2233, 0x2c2270, 
0x2c22d3, 0x2c23ce, 0x2c24c5, 0x2c2a29, 0x2c2a76, 0x2c2b02, 0x2c31fa, 0x2c361d, 0x2c364f, 0x2c3652, 
0x2c36c4, 0x2c374d, 0x2c3815, 0x2c386c, 0x2c38cc, 0x2c3954, 0x2c3bd1, 0x2c3e56, 0x2c3f52, 0x2c4309, 
0x2c431a, 0x2c4428, 0x2c44b5, 0x2c450b, 0x2c46ef, 0x2c4710, 0x2c471c, 0x2c4876, 0x2c48c7, 0x2c4c9f, 
0x2c4e7c, 0x2c4ec7, 0x2c4fb3, 0x2c4ff2, 0x2c5060, 0x2c5177, 0x2c5236, 0x2c52a3, 0x2c53f9, 0x2c5400, 
0x2c5504, 0x2c599b, 0x2c5abd, 0x2c5b33, 0x2c5bc1, 0x2c5dd0, 0x2c5e09, 0x2c5ef6, 0x2c6341, 0x2c660f, 
0x2c6692, 0x2c69dc, 0x2c6a4a, 0x2c6b16, 0x2c7063, 0x2c7185, 0x2c72a9, 0x2c72f9, 0x2c733c, 0x2c73ca, 
0x2c745e, 0x2c7505, 0x2c7899, 0x2c7d23, 0x2c7ef0, 0x2c7eff, 0x2c7fa0, 0x2c8176, 0x2c8294, 0x2c84ba, 
0x2c87de, 0x2c885a, 0x2c88ea, 0x2c8a04, 0x2c8b26, 0x2c8b42, 0x2c8c07, 0x2c8c2a, 0x2c8f64, 0x2c8fc6, 
0x2c8fcd, 0x2c90d1, 0x2c92ba, 0x2c948c, 0x2c951a, 0x2c9568, 0x2c9575, 0x2c962a, 0x2c96f4, 0x2c9766, 
0x2c9aca, 0x2c9ae2, 0x2c9b34, 0x2c9c1b, 0x2c9c5e, 0x2c9c68, 0x2c9d64, 0x2c9d69, 0x2c9da2, 0x2c9db9, 
0x2c9ff8, 0x2ca2f8, 0x2caab8, 0x2caf19, 0x2caf1c, 0x2cb015, 0x2cb093, 0x2cb0b3, 0x2cb1ec, 0x2cb1f6, 
0x2cb25f, 0x2cb290, 0x2cb2eb, 0x2cb329, 0x2cb336, 0x2cb3c2, 0x2cb421, 0x2cb470, 0x2cb47e, 0x2cb8cd, 
0x2cc023, 0x2cc055, 0x2cc118, 0x2cc129, 0x2cc16c, 0x2cc174, 0x2cc25c, 0x2cc2bd, 0x2cc2f8, 0x2cc302, 
0x2cc30c, 0x2cc474, 0x2cc4b3, 0x2cc5ef, 0x2cc8b5, 0x2cc8ba, 0x2cc8ea, 0x2cca31, 0x2ccae2, 0x2ccb8f, 
0x2ccba9, 0x2ccc8a, 0x2cccc8, 0x2ccce0, 0x2ccd4d, 0x2ccdbd, 0x2cce19, 0x2cd570, 0x2cd63f, 0x2cd8bf, 
0x2cdf3b, 0x2ce080, 0x2ce380, 0x2ce553, 0x2ce5be, 0x2ce5c3, 0x2ce69e, 0x2ce6ab, 0x2ce6bb, 0x2ce7d1, 
0x2ce7e1, 0x2ce808, 0x2ce95a, 0x2ce9a7, 0x2cec13, 0x2cedaf, 0x2cedb9, 0x2cede7, 0x2ceef6, 0x2cf095, 
0x2cf0ba, 0x2cf11a, 0x2cf194, 0x2cf208, 0x2cf212, 0x2cf232, 0x2cf2dc, 0x2cf33b, 0x2cf342, 0x2cf346, 
0x2cf4ce, 0x2cf564, 0x2cfed9, 0x2cfef6, 0x2cff59, 0x2cffed, 0x2d0041, 0x2d0046, 0x2d0073, 0x2d00b5, 
0x2d0169, 0x2d01b1, 0x2d0295, 0x2d02f3, 0x2d0335, 0x2d0394, 0x2d0610, 0x2d0b1f, 0x2d0b6c, 0x2d0cc9, 
0x2d12da, 0x2d13e1, 0x2d141d, 0x2d1575, 0x2d15b6, 0x2d161e, 0x2d16ae, 0x2d1716, 0x2d1719, 0x2d1730, 
0x2d1839, 0x2d1b4c, 0x2d1bcf, 0x2d1c25, 0x2d1c83, 0x2d1e2b, 0x2d1e7e, 0x2d1f22, 0x2d1f77, 0x2d1ffa, 
0x2d20b6, 0x2d2797, 0x2d27af, 0x2d2812, 0x2d285e, 0x2d2893, 0x2d2923, 0x2d2971, 0x2d2994, 0x2d29a5, 
0x2d2aee, 0x2d2af3, 0x2d303a, 0x2d3115, 0x2d3131, 0x2d31ec, 0x2d3223, 0x2d3374, 0x2d33d1, 0x2d3423, 
0x2d37bb, 0x2d37c3, 0x2d38c2, 0x2d38eb, 0x2d3999, 0x2d3a71, 0x2d3ecc, 0x2d4013, 0x2d406a, 0x2d40ec, 
0x2d4152, 0x2d447f, 0x2d4bc9, 0x2d4c01, 0x2d4caf, 0x2d4d05, 0x2d4db9, 0x2d4f75, 0x2d4f7f, 0x2d4fe0, 
0x2d5070, 0x2d513f, 0x2d525b, 0x2d52c9, 0x2d570c, 0x2d57e4, 0x2d580b, 0x2d5898, 0x2d5902, 0x2d5906, 
0x2d5987, 0x2d59b8, 0x2d59da, 0x2d5a0b, 0x2d5b4e, 0x2d5fb7, 0x2d64e3, 0x2d6678, 0x2d68bc, 0x2d6906, 
0x2d692e, 0x2d6944, 0x2d6967, 0x2d69bc, 0x2d6a92, 0x2d6a96, 0x2d6c3c, 0x2d6d04, 0x2d6f7f, 0x2d7306, 
0x2d74b2, 0x2d74f1, 0x2d758d, 0x2d7a67, 0x2d7a6f, 0x2d7ade, 0x2d7e84, 0x2d7e8b, 0x2d7f58, 0x2d7fc3, 
0x2d8091, 0x2d8163, 0x2d82f4, 0x2d85dd, 0x2d8790, 0x2d8859, 0x2d890f, 0x2d89e9, 0x2d8a2e, 0x2d8a89, 
0x2d8e18, 0x2d8ed2, 0x2d8f96, 0x2d9273, 0x2d9408, 0x2d94dd, 0x2d9825, 0x2d996e, 0x2d99ba, 0x2d99c2, 
0x2d9a31, 0x2d9b10, 0x2d9c95, 0x2d9d7d, 0x2d9eeb, 0x2d9fca, 0x2d9fe4, 0x2da003, 0x2da01f, 0x2da0c5, 
0x2da0eb, 0x2da1a6, 0x2da242, 0x2da281, 0x2da6c8, 0x2da73d, 0x2da78a, 0x2da7ac, 0x2da7c3, 0x2da7d4, 
0x2da834, 0x2da912, 0x2dadbe, 0x2dae1d, 0x2daeba, 0x2daee6, 0x2db00c, 0x2db014, 0x2db079, 0x2db0c5, 
0x2db2e6, 0x2db40e, 0x2db414, 0x2db885, 0x2db8f8, 0x2dba17, 0x2dba1e, 0x2dbf87, 0x2dbfd4, 0x2dc079, 
0x2dc15d, 0x2dc161, 0x2dc2da, 0x2dc35a, 0x2dc458, 0x2dc47b, 0x2dc4f0, 0x2dc4f7, 0x2dc580, 0x2dc5ae, 
0x2dd329, 0x2dd3c5, 0x2dd3d4, 0x2dd3f9, 0x2dd458, 0x2dd552, 0x2dd556, 0x2dd560, 0x2dd5e6, 0x2dd7e8, 
0x2dd846, 0x2dd9f2, 0x2dda1a, 0x2ddb09, 0x2ddb15, 0x2ddb82, 0x2ddbcf, 0x2ddbee, 0x2ddbf6, 0x2ddc86, 
0x2dddca, 0x2dde7a, 0x2ddf1b, 0x2ddf38, 0x2ddf59, 0x2de078, 0x2de0cc, 0x2de3a0, 0x2de8f5, 0x2de93d, 
0x2deb9f, 0x2dee9c, 0x2def23, 0x2def98, 0x2df4d0, 0x2dfa01, 0x2dfa58, 0x2dfae4, 0x2dfae9, 0x2dfb00, 
0x2dfb5b, 0x2dfb9d, 0x2dfbad, 0x2dfd49, 0x2e00a6, 0x2e00b0, 0x2e0147, 0x2e015b, 0x2e0b15, 0x2e0b1f, 
0x2e0b75, 0x2e0b9b, 0x2e0ba5, 0x2e0dc1, 0x2e0dfe, 0x2e0e02, 0x2e0e5d, 0x2e0e7c, 0x2e0ed6, 0x2e0ed8, 
0x2e0f3a, 0x2e0fd8, 0x2e13a1, 0x2e13f5, 0x2e14ac, 0x2e14e7, 0x2e153c, 0x2e1543, 0x2e1588, 0x2e16e0, 
0x2e192a, 0x2e1975, 0x2e1b86, 0x2e1cac, 0x2e2491, 0x2e24c2, 0x2e253c, 0x2e259d, 0x2e25a2, 0x2e2a71, 
0x2e2afe, 0x2e2da6, 0x2e2e49, 0x2e2ed8, 0x2e2ee5, 0x2e3032, 0x2e309e, 0x2e30cb, 0x2e30d5, 0x2e31fd, 
0x2e338a, 0x2e33f4, 0x2e3414, 0x2e3489, 0x2e3491, 0x2e397d, 0x2e3ae4, 0x2e3be8, 0x2e3c6d, 0x2e3d76, 
0x2e473e, 0x2e47ce, 0x2e4841, 0x2e48ae, 0x2e48ca, 0x2e49c2, 0x2e4a2e, 0x2e4ff4, 0x2e5075, 0x2e5089, 
0x2e5111, 0x2e528e, 0x2e52cd, 0x2e533b, 0x2e53dc, 0x2e541a, 0x2e5540, 0x2e557c, 0x2e5588, 0x2e5605, 
0x2e5712, 0x2e580c, 0x2e5867, 0x2e5b25, 0x2e5dac, 0x2e5e18, 0x2e6368, 0x2e63d4, 0x2e67de, 0x2e6a15, 
0x2e6b51, 0x2e6c39, 0x2e6ccd, 0x2e6cd5, 0x2e6ddd, 0x2e6e50, 0x2e6f57, 0x2e6fc8, 0x2e6fcc, 0x2e705c, 
0x2e74f5, 0x2e7649, 0x2e7982, 0x2e7992, 0x2e7999, 0x2e7a36, 0x2e7b25, 0x2e7bc2, 0x2e7be1, 0x2e7d81, 
0x2e8048, 0x2e816a, 0x2e8330, 0x2e83ac, 0x2e848f, 0x2e84c7, 0x2e85bd, 0x2e88e4, 0x2e88ef, 0x2e8b62, 
0x2e8bac, 0x2e8cce, 0x2e8d5b, 0x2e8e94, 0x2e904a, 0x2e905a, 0x2e9061, 0x2e906e, 0x2e90f4, 0x2e9141, 
0x2e91f8, 0x2e9288, 0x2e92ac, 0x2e9590, 0x2e970c, 0x2e9cc1, 0x2e9e87, 0x2e9f38, 0x2ea031, 0x2ea0cd, 
0x2ea0eb, 0x2ea135, 0x2ea288, 0x2ea2ee, 0x2ea315, 0x2ea36a, 0x2ea3b8, 0x2ea789, 0x2ea825, 0x2ea981, 
0x2ea9eb, 0x2eaa91, 0x2eab82, 0x2eac23, 0x2eac3f, 0x2eb5a9, 0x2eb677, 0x2eb6c0, 0x2eb7eb, 0x2eb90c, 
0x2eb9a8, 0x2eb9c1, 0x2ebb17, 0x2ebb48, 0x2ebc98, 0x2ebd39, 0x2ebf60, 0x2ec65e, 0x2ec665, 0x2ec6bf, 
0x2ec774, 0x2ec7bb, 0x2ec7e1, 0x2ecabd, 0x2ecda1, 0x2ece42, 0x2ed204, 0x2ed304, 0x2ed34a, 0x2ed426, 
0x2ed442, 0x2ed7b4, 0x2ed91e, 0x2ed95b, 0x2ed9b7, 0x2ed9bb, 0x2eda8a, 0x2edc02, 0x2edc92, 0x2edc9d, 
0x2edec1, 0x2ee089, 0x2ee096, 0x2ee192, 0x2ee732, 0x2eea23, 0x2eeb54, 0x2eebd9, 0x2eecd7, 0x2eecf3, 
0x2eed74, 0x2ef6ce, 0x2ef71d, 0x2ef776, 0x2ef878, 0x2ef8fc, 0x2ef914, 0x2efb2e, 0x2efe06, 0x2efeb9, 
0x2f00a8, 0x2f05c2, 0x2f05ff, 0x2f0666, 0x2f069b, 0x2f07e4, 0x2f07fc, 0x2f09a1, 0x2f09aa, 0x2f0a43, 
0x2f0a4c, 0x2f0d8f, 0x2f0d96, 0x2f0e4f, 0x2f0ea2, 0x2f0edf, 0x2f0f27, 0x2f0fd7, 0x2f1012, 0x2f102d, 
0x2f1054, 0x2f1350, 0x2f13cb, 0x2f13d8, 0x2f1508, 0x2f15a8, 0x2f162b, 0x2f172f, 0x2f2188, 0x2f232f, 
0x2f2337, 0x2f23ee, 0x2f2578, 0x2f2b6d, 0x2f2cd1, 0x2f2cf5, 0x2f2d79, 0x2f2da5, 0x2f2de7, 0x2f2e42, 
0x2f2e61, 0x2f2e77, 0x2f2f1d, 0x2f33e9, 0x2f35fe, 0x2f361b, 0x2f3673, 0x2f36d2, 0x2f36fc, 0x2f3739, 
0x2f3809, 0x2f3853, 0x2f3a0f, 0x2f3a85, 0x2f3ab3, 0x2f3c93, 0x2f4168, 0x2f4502, 0x2f4653, 0x2f46b7, 
0x2f4702, 0x2f47c6, 0x2f486e, 0x2f4976, 0x2f4993, 0x2f4caa, 0x2f4d5e, 0x2f4dc9, 0x2f5032, 0x2f5046, 
0x2f55f6, 0x2f57a0, 0x2f58c2, 0x2f58e7, 0x2f592b, 0x2f5a2e, 0x2f5af2, 0x2f5b0f, 0x2f5bf6, 0x2f5dc5, 
0x2f5df3, 0x2f6183, 0x2f62b6, 0x2f645c, 0x2f658f, 0x2f667e, 0x2f66f8, 0x2f675b, 0x2f692f, 0x2f69f7, 
0x2f6a33, 0x2f6c13, 0x2f6cb1, 0x2f6e68, 0x2f6ef6, 0x2f6f2a, 0x2f6f97, 0x2f706c, 0x2f7435, 0x2f74a2, 
0x2f7537, 0x2f76a0, 0x2f76f3, 0x2f7761, 0x2f7840, 0x2f7880, 0x2f798d, 0x2f79cf, 0x2f79f2, 0x2f7dc0, 
0x2f7de1, 0x2f7e28, 0x2f80cf, 0x2f8220, 0x2f82e7, 0x2f8383, 0x2f83c2, 0x2f88da, 0x2f8976, 0x2f8ae8, 
0x2f8afc, 0x2f8b2d, 0x2f8c0b, 0x2f8c3f, 0x2f8ca4, 0x2f8d1a, 0x2f8d48, 0x2f8db6, 0x2f8dcb, 0x2f8e51, 
0x2f8e62, 0x2f8f80, 0x2f9050, 0x2f9646, 0x2f96d6, 0x2f979f, 0x2f97d4, 0x2f97fb, 0x2f9802, 0x2f987a, 
0x2f98d0, 0x2f98ef, 0x2f9a7c, 0x2fa1ad, 0x2fa354, 0x2fa35c, 0x2fa413, 0x2fa41b, 0x2fab7a, 0x2fabaf, 
0x2fae55, 0x2fae66, 0x2fafeb, 0x2fafef, 0x2fb12b, 0x2fb1a7, 0x2fb247, 0x2fb599, 0x2fb627, 0x2fb6a5, 
0x2fb761, 0x2fb815, 0x2fbb63, 0x2fbc61, 0x2fbc84, 0x2fbd08, 0x2fbdb3, 0x2fbe34, 0x2fbeac, 0x2fbf7f, 
0x2fbfdc, 0x2fbfdf, 0x2fc11b, 0x2fc14f, 0x2fc525, 0x2fc621, 0x2fc800, 0x2fcadb, 0x2fcc93, 0x2fccb0, 
0x2fce0b, 0x2fcea7, 0x2fd0ce, 0x2fd834, 0x2fd8e7, 0x2fd932, 0x2fd94e, 0x2fd9cf, 0x2fda30, 0x2fda7d, 
0x2fdbff, 0x2fdc48, 0x2fdef1, 0x2fdf79, 0x2fdfd5, 0x2fe475, 0x2fe4b3, 0x2fe4b5, 0x2fe911, 0x2fea79, 
0x2fea89, 0x2feb19, 0x2febe4, 0x2febec, 0x2febed, 0x2fec17, 0x2fed35, 0x2fed50, 0x2fed57, 0x2fedf4, 
0x2fee70, 0x2ff1a1, 0x2ff2a1, 0x2ff36e, 0x2ff3c3, 0x2ff40e, 0x2ff860, 0x2ff8b5, 0x2ffb54, 0x2ffdcc, 
0x2ffdf2, 0x2ffe20, 0x30001f, 0x300875, 0x3009a2, 0x3009c5, 0x300a66, 0x300beb, 0x300ca0, 0x300ca4, 
0x300d17, 0x300d5a, 0x300d76, 0x30106a, 0x301561, 0x301596, 0x30162f, 0x3017e8, 0x301954, 0x3019da, 
0x3019ef, 0x301a02, 0x301a12, 0x301a16, 0x301bfe, 0x301de2, 0x301eab, 0x302189, 0x302466, 0x3024b8, 
0x3024c3, 0x302530, 0x30254b, 0x302567, 0x302574, 0x30257b, 0x30272e, 0x302765, 0x302a16, 0x302c34, 
0x302cea, 0x30321c, 0x3032e5, 0x303375, 0x303391, 0x3033b4, 0x30358d, 0x303846, 0x303b78, 0x303c90, 
0x303e0a, 0x304182, 0x304206, 0x304267, 0x3043ba, 0x3049ad, 0x304a3b, 0x304a5f, 0x304a6f, 0x304ab5, 
0x304c65, 0x304f11, 0x3051ee, 0x3054cb, 0x305600, 0x305607, 0x30565b, 0x305799, 0x305acb, 0x305b14, 
0x305be3, 0x305c5b, 0x305cd4, 0x305d04, 0x305d5a, 0x305d5d, 0x306075, 0x306105, 0x306119, 0x306144, 
0x306218, 0x306296, 0x30631d, 0x306354, 0x3063a1, 0x3063a6, 0x3063f5, 0x3065e3, 0x306637, 0x3068e4, 
0x306d72, 0x306e48, 0x306f68, 0x307126, 0x307422, 0x3076f3, 0x307a16, 0x307a3c, 0x307ad8, 0x307c77, 
0x307cce, 0x307fc1, 0x3082a4, 0x3082b5, 0x308301, 0x3083fc, 0x30848c, 0x3084a2, 0x30852f, 0x308539, 
0x308728, 0x3089d0, 0x308b38, 0x308b44, 0x308b83, 0x308db6, 0x3092a3, 0x30936c, 0x3093c7, 0x309462, 
0x309465, 0x309561, 0x309671, 0x30974f, 0x3097e6, 0x3097f4, 0x3098ed, 0x309954, 0x309b55, 0x309de5, 
0x309ece, 0x309f03, 0x30a4ba, 0x30a4ed, 0x30a615, 0x30a677, 0x30a768, 0x30a7a3, 0x30ab51, 0x30abcb, 
0x30ad0b, 0x30ad27, 0x30ad40, 0x30ae84, 0x30af02, 0x30b02e, 0x30b28f, 0x30b2f7, 0x30b460, 0x30b4b8, 
0x30b567, 0x30b5ce, 0x30b7cf, 0x30baa8, 0x30bceb, 0x30bdf2, 0x30be59, 0x30bfc1, 0x30c107, 0x30c134, 
0x30c2f1, 0x30c41d, 0x30c5a9, 0x30c608, 0x30c68b, 0x30c6ac, 0x30c6e1, 0x30ca82, 0x30cb7c, 0x30cc25, 
0x30cca8, 0x30ce42, 0x30cee3, 0x30cf71, 0x30d4e9, 0x30d51e, 0x30d722, 0x30d965, 0x30d9f8, 0x30da6c, 
0x30daa0, 0x30dad3, 0x30dae9, 0x30daf8, 0x30db93, 0x30dbca, 0x30dda2, 0x30df86, 0x30e04f, 0x30e2ba, 
0x30e489, 0x30e5fd, 0x30e7c9, 0x30eb9e, 0x30ec5e, 0x30ed1b, 0x30ed95, 0x30ee7d, 0x30ee96, 0x30f32d, 
0x30f3d1, 0x30f482, 0x30f489, 0x30f4af, 0x30f54b, 0x30f741, 0x30f9be, 0x30fcca, 0x30ffab, 0x310181, 
0x310888, 0x310b35, 0x310c63, 0x310cfb, 0x310d5e, 0x310d7f, 0x310de6, 0x310e18, 0x310e2a, 0x310eba, 
0x310ef9, 0x3110d2, 0x3113c4, 0x3113e4, 0x3114fc, 0x3115be, 0x3115ed, 0x311676, 0x311849, 0x311922, 
0x311c16, 0x312108, 0x3121cf, 0x3124f2, 0x31255b, 0x3125b4, 0x3127aa, 0x312ddd, 0x312ec2, 0x312f9b, 
0x313015, 0x313333, 0x313337, 0x31344f, 0x3135c9, 0x313a2b, 0x313a8b, 0x313a99, 0x313b69, 0x313bba, 
0x313c4a, 0x313c89, 0x313e62, 0x3140d5, 0x3145a5, 0x314808, 0x31494c, 0x31497a, 0x3149b3, 0x3149e5, 
0x314a07, 0x314a0e, 0x314c1b, 0x314cb4, 0x314ce8, 0x314e85, 0x314f67, 0x315447, 0x3154f9, 0x315510, 
0x315521, 0x31554e, 0x315556, 0x31556b, 0x315572, 0x315606, 0x315815, 0x3159b1, 0x315b1b, 0x31608b, 
0x316349, 0x3164c7, 0x3165ad, 0x316662, 0x316908, 0x316c77, 0x316d29, 0x316df3, 0x316e0b, 0x316e40, 
0x316e51, 0x316eb8, 0x316f96, 0x316fe0, 0x31716c, 0x317170, 0x317693, 0x3178b3, 0x31798e, 0x317cd9, 
0x317e4b, 0x317eb6, 0x317f46, 0x3182cc, 0x318339, 0x318562, 0x318579, 0x31876e, 0x31884c, 0x318980, 
0x318a2a, 0x318b1b, 0x318b22, 0x318e93, 0x318efd, 0x3190d5, 0x319343, 0x3195e3, 0x319612, 0x3196c1, 
0x3198df, 0x3198fb, 0x3199ac, 0x3199d9, 0x3199fc, 0x319b3c, 0x319c27, 0x319e6c, 0x319ed0, 0x31a1d4, 
0x31a454, 0x31a4b1, 0x31a4cd, 0x31ab3e, 0x31abc4, 0x31abd5, 0x31acb5, 0x31adb4, 0x31ae5c, 0x31aeaa, 
0x31aec4, 0x31af8a, 0x31afa1, 0x31afe3, 0x31b00d, 0x31b4a7, 0x31b736, 0x31b7d7, 0x31b814, 0x31b903, 
0x31b968, 0x31bbc0, 0x31be03, 0x31bea0, 0x31c000, 0x31c178, 0x31c4bc, 0x31c50e, 0x31c526, 0x31c565, 
0x31c603, 0x31c661, 0x31c668, 0x31c6ae, 0x31c6c7, 0x31c837, 0x31c83b, 0x31c92f, 0x31caff, 0x31cb1b, 
0x31cb27, 0x31cc08, 0x31cd11, 0x31ce4b, 0x31ce9f, 0x31cef3, 0x31d294, 0x31d30c, 0x31d350, 0x31d3b2, 
0x31d48d, 0x31d499, 0x31d4e9, 0x31d4fa, 0x31d533, 0x31d567, 0x31d907, 0x31de08, 0x31de67, 0x31deb9, 
0x31df03, 0x31dff4, 0x31dff8, 0x31e055, 0x31e069, 0x31e2fe, 0x31e509, 0x31e794, 0x31e79e, 0x31e860, 
0x31e882, 0x31e890, 0x31e90f, 0x31ebc4, 0x31ec33, 0x31f1a9, 0x31f2fb, 0x31f4e0, 0x31f65f, 0x31f676, 
0x31f6ef, 0x31f713, 0x31f73c, 0x31f76d, 0x31f9b1, 0x31f9ec, 0x31fa85, 0x31fb15, 0x31fb54, 0x31fbaa, 
0x31fcb1, 0x31fd9e, 0x31fef5, 0x31ff5d, 0x31ff96, 0x31fff3, 0x320046, 0x320047, 0x320052, 0x3200a9, 
0x320265, 0x320266, 0x3202bc, 0x3202bd, 0x32051d, 0x3205b2, 0x321368, 0x321426, 0x3214d4, 0x3214e8, 
0x32164f, 0x321c65, 0x321e5b, 0x321ef7, 0x321f49, 0x32219c, 0x32246c, 0x3226ea, 0x32277a, 0x3227c6, 
0x32291e, 0x3229a3, 0x322a2a, 0x322cd6, 0x322dd7, 0x322eea, 0x322fe5, 0x3231c5, 0x3232bc, 0x32359b, 
0x323652, 0x323662, 0x323669, 0x3236b8, 0x3238ff, 0x3239e4, 0x323a88, 0x323b4e, 0x323bff, 0x323d18, 
0x323e3a, 0x3243d8, 0x32467d, 0x32487c, 0x32499e, 0x324d1a, 0x324d2a, 0x324d31, 0x324d5b, 0x324f16, 
0x3250fc, 0x325216, 0x325288, 0x3254f7, 0x3256b9, 0x3257c4, 0x325b57, 0x325b6e, 0x325c26, 0x325d7d, 
0x325d9d, 0x325e78, 0x326325, 0x3266bb, 0x3266d2, 0x326749, 0x3267dd, 0x3269bd, 0x326bbf, 0x326c48, 
0x326d81, 0x326e8c, 0x327162, 0x327279, 0x327347, 0x327441, 0x32751e, 0x327541, 0x327551, 0x327555, 
0x3275b2, 0x327655, 0x32777d, 0x3277cd, 0x327994, 0x3279ba, 0x327a49, 0x327aa3, 0x327cb4, 0x328168, 
0x3281b7, 0x32825d, 0x3282f4, 0x3282fe, 0x3287fb, 0x328b56, 0x328c67, 0x328dc1, 0x328e55, 0x328eef, 
0x328f42, 0x32910d, 0x3293b6, 0x32946f, 0x329579, 0x32964a, 0x329738, 0x329883, 0x32991b, 0x329c0e, 
0x329c3e, 0x329c94, 0x329c97, 0x329d8c, 0x32a0a5, 0x32a2cc, 0x32a2da, 0x32a2ee, 0x32a32c, 0x32a48a, 
0x32a4f7, 0x32a55d, 0x32a66f, 0x32a749, 0x32a77e, 0x32a8a3, 0x32a8e8, 0x32aab3, 0x32aaf9, 0x32b0d1, 
0x32b2d6, 0x32b34f, 0x32b3d0, 0x32b4d7, 0x32b548, 0x32b584, 0x32b621, 0x32b953, 0x32b984, 0x32b994, 
0x32bbd6, 0x32bf3f, 0x32bffe, 0x32c113, 0x32c19c, 0x32c668, 0x32c73c, 0x32c754, 0x32ca12, 0x32cbe3, 
0x32cf39, 0x32cf4d, 0x32cf66, 0x32cfb8, 0x32d066, 0x32d197, 0x32d243, 0x32d30d, 0x32d329, 0x32d33d, 
0x32d39f, 0x32d55e, 0x32d5ab, 0x32d5b0, 0x32d6c1, 0x32d7db, 0x32d854, 0x32d891, 0x32e39d, 0x32e467, 
0x32e50b, 0x32e5e7, 0x32e608, 0x32e69f, 0x32e706, 0x32e729, 0x32e869, 0x32e95e, 0x32eb45, 0x32ec8b, 
0x32ecb9, 0x32ecd3, 0x32ece0, 0x32ef02, 0x32f071, 0x32f16c, 0x32f199, 0x32f200, 0x32f459, 0x32f502, 
0x32f50e, 0x32f720, 0x32fd3e, 0x32fd43, 0x32ff05, 0x32ff90, 0x32ffcb, 0x330060, 0x330064, 0x33007c, 
0x330091, 0x330098, 0x33031f, 0x330338, 0x330747, 0x330772, 0x330845, 0x330869, 0x33086a, 0x330e07, 
0x3311e5, 0x3312dc, 0x3313c2, 0x33188d, 0x331965, 0x3319ec, 0x331cfb, 0x331d12, 0x331d44, 0x331eef, 
0x331f41, 0x331fd4, 0x331feb, 0x332064, 0x332219, 0x3324ea, 0x3327a2, 0x332c5d, 0x332c8d, 0x332d63, 
0x332dc0, 0x332dec, 0x332def, 0x333231, 0x33330c, 0x333390, 0x3337b0, 0x3338d2, 0x333c5e, 0x333c65, 
0x333ef6, 0x33404f, 0x334080, 0x33414a, 0x3341bc, 0x3341d5, 0x33420d, 0x33421a, 0x33438c, 0x33441c, 
0x33477a, 0x3347b2, 0x334842, 0x334881, 0x3349f7, 0x334c90, 0x334f6a, 0x33523b, 0x3352a9, 0x3352c5, 
0x3352db, 0x3352f1, 0x3357e1, 0x335adb, 0x335c0d, 0x335d4b, 0x335dcc, 0x335e7a, 0x335ec3, 0x335f3c, 
0x3360a3, 0x336713, 0x336917, 0x33693c, 0x336ae5, 0x336b10, 0x336b3b, 0x336bc6, 0x336cc7, 0x336cce, 
0x336f55, 0x3371b2, 0x33721a, 0x337582, 0x33766a, 0x33767d, 0x33769a, 0x337765, 0x33777a, 0x3377d7, 
0x3377f0, 0x33782b, 0x337832, 0x337836, 0x337aa1, 0x337fe4, 0x338008, 0x338389, 0x33855f, 0x33856c, 
0x3385a1, 0x338a8c, 0x338b32, 0x338bc9, 0x338bd3, 0x338dc3, 0x339348, 0x3393a5, 0x33948e, 0x3394bb, 
0x3394de, 0x3395ba, 0x3395f2, 0x33971a, 0x33974c, 0x33975c, 0x3398ed, 0x339999, 0x339a63, 0x339a7f, 
0x339a93, 0x339ab0, 0x339af5, 0x339b80, 0x339d01, 0x339d06, 0x339d52, 0x33a017, 0x33a1f3, 0x33a272, 
0x33a53a, 0x33a5b7, 0x33a7bc, 0x33a835, 0x33a938, 0x33aa95, 0x33aac5, 0x33ab1b, 0x33ab1e, 0x33ab71, 
0x33ae6a, 0x33ae7a, 0x33b0bc, 0x33b0fb, 0x33b21d, 0x33b961, 0x33c14f, 0x33c5a5, 0x33c604, 0x33c6ff, 
0x33c793, 0x33c7fe, 0x33c818, 0x33c825, 0x33c82d, 0x33caa4, 0x33cab0, 0x33cb0d, 0x33cb6a, 0x33cbd2, 
0x33cc98, 0x33cd1b, 0x33cd87, 0x33d1b3, 0x33d252, 0x33d2b7, 0x33d326, 0x33d447, 0x33d527, 0x33d740, 
0x33d7be, 0x33d8ea, 0x33da40, 0x33dada, 0x33dbc0, 0x33ddb2, 0x33de9f, 0x33debb, 0x33ded7, 0x33dff5, 
0x33e09d, 0x33e0fc, 0x33e16b, 0x33e43e, 0x33e55c, 0x33e56c, 0x33e643, 0x33e6a4, 0x33e711, 0x33e83f, 
0x33e920, 0x33e9eb, 0x33f0ca, 0x33f1ab, 0x33f276, 0x33f3d6, 0x33f480, 0x33f54e, 0x33f6ca, 0x33f82d, 
0x33f962, 0x33f996, 0x33fa37, 0x33fa3e, 0x33fa4d, 0x33fa84, 0x33fa9d, 0x33fb0c, 0x33ff0d, 0x33ffdf, 
0x340050, 0x3400c5, 0x3403a1, 0x3404ac, 0x34059e, 0x340784, 0x3407ce, 0x34086d, 0x3408d2, 0x340941, 
0x340d51, 0x340d7b, 0x340e17, 0x340f06, 0x34112b, 0x3411e1, 0x3411f1, 0x3412b0, 0x34138b, 0x3416e5, 
0x341c88, 0x341f67, 0x342132, 0x34223d, 0x342254, 0x342522, 0x3427f2, 0x342ac5, 0x342da5, 0x342e5b, 
0x342e6b, 0x342e72, 0x342e9c, 0x343057, 0x3430db, 0x343134, 0x343144, 0x34314b, 0x34319a, 0x343308, 
0x3433e1, 0x343630, 0x343902, 0x343be1, 0x343ec3, 0x344085, 0x344190, 0x3441a7, 0x34446c, 0x34473f, 
0x344d00, 0x344dae, 0x344dbe, 0x344e3c, 0x344ff4, 0x3452aa, 0x345360, 0x3453c9, 0x34540e, 0x345589, 
0x345b04, 0x345dea, 0x345e06, 0x345e76, 0x345ee9, 0x34606e, 0x346147, 0x34614c, 0x34642a, 0x3464fe, 
0x34660c, 0x346683, 0x346718, 0x3469c8, 0x346bbf, 0x346c11, 0x346c27, 0x346c60, 0x346ca0, 0x346d73, 
0x346ea2, 0x346f2f, 0x3471c7, 0x347a08, 0x347ac1, 0x347e69, 0x347ff7, 0x348015, 0x348146, 0x348180, 
0x3482da, 0x34831c, 0x3483aa, 0x348570, 0x3485ce, 0x3485ed, 0x348609, 0x34866b, 0x3488c0, 0x348b63, 
0x348daf, 0x348de2, 0x348e69, 0x348edf, 0x348f51, 0x3490db, 0x3491b7, 0x34940f, 0x3498eb, 0x349af6, 
0x349afb, 0x349b9c, 0x349c77, 0x349c83, 0x349ce4, 0x349d1d, 0x349f2f, 0x349f56, 0x34a199, 0x34a1ed, 
0x34a20d, 0x34a241, 0x34a2c6, 0x34a2cb, 0x34a385, 0x34a3ca, 0x34a545, 0x34a551, 0x34a5d9, 0x34aa71, 
0x34ae6d, 0x34aed1, 0x34aed6, 0x34aee2, 0x34b018, 0x34b13a, 0x34b35e, 0x34b37d, 0x34b75d, 0x34b7c7, 
0x34b8a4, 0x34b8eb, 0x34b902, 0x34b909, 0x34b94f, 0x34b968, 0x34b9f6, 0x34ba41, 0x34ba9e, 0x34bbcc, 
0x34bf75, 0x34c37b, 0x34c60e, 0x34c75d, 0x34c81e, 0x34c9cf, 0x34cd9c, 0x34cedb, 0x34cef3, 0x34cf7b, 
0x34cfba, 0x34d04c, 0x34d243, 0x34d256, 0x34d25e, 0x34d295, 0x34d324, 0x34d59f, 0x34d62d, 0x34d6ba, 
0x34d84b, 0x34df52, 0x34df97, 0x34e076, 0x34e112, 0x34e20c, 0x34e36c, 0x34e38c, 0x34e445, 0x34e44a, 
0x34e513, 0x34e71f, 0x34e720, 0x34e956, 0x34e966, 0x34e985, 0x34ec68, 0x34ed94, 0x34edb3, 0x34ee22, 
0x34ef9f, 0x34f20c, 0x34f218, 0x34f2a1, 0x34f4bd, 0x34f4c5, 0x34f6dd, 0x34f7b8, 0x34fa21, 0x34fa73, 
0x34faff, 0x34fb01, 0x34fb02, 0x34fb18, 0x3502e5, 0x3502fd, 0x350332, 0x3505f2, 0x350603, 0x350875, 
0x35087a, 0x35095e, 0x350e2f, 0x350eed, 0x3513ce, 0x3513ea, 0x351441, 0x3514ba, 0x351773, 0x35182f, 
0x3519bd, 0x3519db, 0x351adc, 0x351b0c, 0x351d70, 0x351f94, 0x3524eb, 0x352527, 0x3525c4, 0x3525c9, 
0x352ae5, 0x352f0e, 0x352f53, 0x3530ce, 0x35328c, 0x353366, 0x35339b, 0x3534a9, 0x3534bd, 0x3534fb, 
0x353659, 0x353ef3, 0x353ef7, 0x354169, 0x35416e, 0x3541b2, 0x354234, 0x35423b, 0x3542fe, 0x354437, 
0x35443e, 0x354446, 0x354493, 0x35449c, 0x354508, 0x35450f, 0x354851, 0x35489c, 0x3548ef, 0x354b00, 
0x354d24, 0x354db4, 0x355123, 0x3552b1, 0x3552be, 0x3552cf, 0x3555c6, 0x355623, 0x35563a, 0x35578f, 
0x355925, 0x355b49, 0x355f4e, 0x3560a5, 0x3560f7, 0x356186, 0x35620d, 0x356240, 0x356244, 0x3562a1, 
0x35646c, 0x356734, 0x356edf, 0x356f60, 0x357015, 0x3570cc, 0x35712a, 0x357252, 0x3572b9, 0x357484, 
0x3575ba, 0x35766c, 0x35771c, 0x357753, 0x3577f7, 0x3578a8, 0x3578af, 0x3578d5, 0x3578f8, 0x357a38, 
0x357b67, 0x357d68, 0x357da6, 0x357dc0, 0x357e07, 0x357e20, 0x3580d0, 0x3582c9, 0x358a79, 0x358bee, 
0x358c4f, 0x358d80, 0x358f58, 0x358fc5, 0x3594c9, 0x3596a6, 0x359732, 0x359801, 0x359a87, 0x359d63, 
0x359f48, 0x35a021, 0x35a076, 0x35a1ad, 0x35a29e, 0x35a2b9, 0x35a2c4, 0x35a324, 0x35a327, 0x35a627, 
0x35a683, 0x35a6cf, 0x35a8ac, 0x35a8c5, 0x35a8e7, 0x35aa6b, 0x35ad9b, 0x35aec7, 0x35afb4, 0x35afd6, 
0x35b0b6, 0x35b467, 0x35b80f, 0x35b877, 0x35b93d, 0x35b9c0, 0x35bd04, 0x35bef4, 0x35bf65, 0x35c405, 
0x35c545, 0x35c561, 0x35c5fe, 0x35c69a, 0x35c77e, 0x35c78c, 0x35ca19, 0x35cb2f, 0x35cce7, 0x35ce05, 
0x35d0a4, 0x35d24c, 0x35d25a, 0x35d2ed, 0x35d2f4, 0x35d33a, 0x35d353, 0x35d5bb, 0x35d7f0, 0x35d968, 
0x35d97e, 0x35dae4, 0x35dc47, 0x35dc76, 0x35ddb0, 0x35de58, 0x35deb7, 0x35e11f, 0x35e4cd, 0x35e955, 
0x35e9f6, 0x35ea84, 0x35eba2, 0x35ec89, 0x35ecea, 0x35ed57, 0x35ed6d, 0x35ed70, 0x35ed88, 0x35ed96, 
0x35edb9, 0x35eecd, 0x35efd1, 0x35eff5, 0x35f18f, 0x35f199, 0x35f232, 0x35f31b, 0x35f8e8, 0x35f934, 
0x35f98b, 0x35fa2f, 0x35fabf, 0x35fad5, 0x35fb16, 0x35fb62, 0x35fb6c, 0x35fb76, 0x3602f8, 0x360452, 
0x36048b, 0x3604df, 0x360596, 0x360639, 0x360682, 0x3606c0, 0x3606cd, 0x360767, 0x360f37, 0x360f8d, 
0x360fb0, 0x36125e, 0x361279, 0x36127d, 0x36132e, 0x3613be, 0x36140d, 0x361486, 0x3614b6, 0x36150c, 
0x36150f, 0x3617e1, 0x36191d, 0x361971, 0x361aaf, 0x361b44, 0x361b90, 0x36211b, 0x362160, 0x362326, 
0x36236c, 0x362371, 0x362949, 0x3629f9, 0x362a96, 0x362acb, 0x362b4e, 0x362b81, 0x362bc7, 0x362bcc, 
0x362c48, 0x362e1f, 0x362eee, 0x36309d, 0x363355, 0x363450, 0x36397f, 0x363a53, 0x363a7d, 0x363ae3, 
0x363b22, 0x363cc0, 0x363ebb, 0x364012, 0x364191, 0x364221, 0x36429f, 0x3642ee, 0x3642f9, 0x364366, 
0x36439d, 0x3643aa, 0x3643b1, 0x364564, 0x3645f7, 0x364625, 0x3647ef, 0x36484c, 0x364b23, 0x364cec, 
0x364dc6, 0x364e00, 0x3652f5, 0x3653ab, 0x365523, 0x3655c3, 0x365606, 0x365691, 0x365c30, 0x36609f, 
0x366140, 0x3661df, 0x3661e6, 0x36622c, 0x366241, 0x366252, 0x3662c7, 0x3662dc, 0x3662ef, 0x3662ff, 
0x366303, 0x3664af, 0x3664eb, 0x366799, 0x366a6e, 0x366abc, 0x366ade, 0x366b4a, 0x366b7e, 0x366ce5, 
0x366d2c, 0x3674f1, 0x3675df, 0x3678aa, 0x367b9e, 0x367ce6, 0x367e08, 0x367e09, 0x36810b, 0x368194, 
0x36819b, 0x368349, 0x36843e, 0x3685ba, 0x368622, 0x368680, 0x36868b, 0x3686fc, 0x368731, 0x368b92, 
0x368c31, 0x368cd2, 0x368cf8, 0x368cff, 0x368e43, 0x368ea3, 0x368f0c, 0x368f19, 0x368f91, 0x369013, 
0x3691ef, 0x369256, 0x3693ae, 0x3694d0, 0x369a8e, 0x369b25, 0x369b3c, 0x369bb5, 0x369d75, 0x36a01c, 
0x36a06f, 0x36a086, 0x36a0b2, 0x36a0cd, 0x36a5cc, 0x36a64a, 0x36aaa7, 0x36ab80, 0x36ab8d, 0x36abfa, 
0x36b1ed, 0x36b204, 0x36b256, 0x36b433, 0x36b499, 0x36ba6f, 0x36bd3e, 0x36bd8e, 0x36bd9c, 0x36beb2, 
0x36c299, 0x36c4e3, 0x36c560, 0x36c602, 0x36c625, 0x36c765, 0x36c81b, 0x36cb87, 0x36cd9f, 0x36d075, 
0x36d129, 0x36d17a, 0x36d17f, 0x36d184, 0x36d256, 0x36d2c1, 0x36d3c6, 0x36d977, 0x36d9b0, 0x36d9dd, 
0x36d9e7, 0x36da03, 0x36db21, 0x36dc53, 0x36dcd5, 0x36dcf2, 0x36e0f7, 0x36e237, 0x36e254, 0x36e3d3, 
0x36e51a, 0x36e52e, 0x36e729, 0x36e756, 0x36e770, 0x36e7a8, 0x36f24e, 0x36f307, 0x36f472, 0x36f554, 
0x36f59a, 0x36f601, 0x36f7c5, 0x36f960, 0x36fcbd, 0x36fdde, 0x36fe0c, 0x36fec1, 0x36fecd, 0x3700da, 
0x37010b, 0x370304, 0x37033f, 0x3703aa, 0x370441, 0x37044b, 0x370a40, 0x370a63, 0x370a74, 0x370c1d, 
0x370d06, 0x370d33, 0x370d56, 0x370e6a, 0x370f92, 0x3712bf, 0x3712c9, 0x371328, 0x37136d, 0x371406, 
0x37157e, 0x37159c, 0x3715ca, 0x3715d1, 0x37170e, 0x371742, 0x3717ec, 0x371840, 0x371e2f, 0x372034, 
0x3720ad, 0x3720ae, 0x37230d, 0x37233d, 0x37235a, 0x372387, 0x372393, 0x372396, 0x3723e9, 0x372406, 
0x3726f2, 0x372803, 0x372b92, 0x37375e, 0x373aaa, 0x373ab7, 0x373ac6, 0x373c29, 0x373cd9, 0x373e1d, 
0x373f77, 0x373f9a, 0x37400b, 0x374018, 0x3740a5, 0x3740df, 0x374193, 0x3742ff, 0x374715, 0x374723, 
0x374837, 0x374a37, 0x374afd, 0x374bae, 0x374bc3, 0x374bca, 0x374dec, 0x374df3, 0x375421, 0x37543e, 
0x375455, 0x375676, 0x375684, 0x375c0c, 0x375f5e, 0x376256, 0x376a58, 0x376d2d, 0x377391, 0x3773a8, 
0x3775d7, 0x3777c7, 0x37789f, 0x377938, 0x377b65, 0x377c2c, 0x377c33, 0x377e55, 0x377e5a, 0x37818a, 
0x3782e2, 0x3782f0, 0x378404, 0x378780, 0x3787a7, 0x378810, 0x37884f, 0x3788c4, 0x378a1f, 0x378c5e, 
0x378cee, 0x378d3f, 0x378d71, 0x378ebe, 0x378f4e, 0x379557, 0x37956c, 0x379d81, 0x379eb9, 0x37a030, 
0x37a053, 0x37a131, 0x37a3bf, 0x37a404, 0x37a40e, 0x37a431, 0x37a576, 0x37a684, 0x37a6f1, 0x37a8e4, 
0x37a95e, 0x37a96d, 0x37b24a, 0x37b269, 0x37b270, 0x37b27d, 0x37b3ad, 0x37b3c1, 0x37b3e1, 0x37b403, 
0x37b4ba, 0x37b510, 0x37b5be, 0x37b5d2, 0x37b728, 0x37b739, 0x37bad2, 0x37badd, 0x37bae8, 0x37bbc9, 
0x37bc1f, 0x37bd48, 0x37bda6, 0x37bda7, 0x37bddb, 0x37bf22, 0x37bf6f, 0x37bfd3, 0x37c030, 0x37c8c8, 
0x37ca3a, 0x37cb09, 0x37cb3a, 0x37cb8f, 0x37cd4f, 0x37cd82, 0x37cdbf, 0x37cea2, 0x37ceae, 0x37ced7, 
0x37cef3, 0x37d004, 0x37d51d, 0x37d585, 0x37d64b, 0x37d6ce, 0x37d848, 0x37d928, 0x37d936, 0x37d9f5, 
0x37dedb, 0x37df4c, 0x37e29d, 0x37e378, 0x37e3a8, 0x37e49a, 0x37e519, 0x37e83d, 0x37e9cc, 0x37eb52, 
0x37eb5c, 0x37eb79, 0x37ec77, 0x37ed8f, 0x37ee16, 0x37ee20, 0x37ef5a, 0x37f002, 0x37f155, 0x37f2c9, 
0x37f2d0, 0x37f6c9, 0x37f937, 0x37fc2e, 0x37fd4c, 0x37fe33, 0x37fe94, 0x37ff01, 0x38007c, 0x3801db, 
0x3801ec, 0x380219, 0x38037c, 0x3806c3, 0x3806ca, 0x380710, 0x380729, 0x380998, 0x380ab2, 0x380ac9, 
0x380bc6, 0x380bdf, 0x380d0d, 0x380d3e};

uint8_t five_step_distance[] = {0x50, 0x55, 0x51, 0x55, 0x51, 0x55, 0x55, 0x51, 0x55, 0x55, 0x53, 0x55, 0x45, 0x54, 0x55, 0x55, 0x53, 0x44, 0x55, 
0x55, 0x44, 0x55, 0x55, 0x44, 0x54, 0x55, 0x45, 0x45, 0x55, 0x45, 0x55, 0x55, 0x55, 0x55, 0x55, 0x45, 0x55, 0x45, 0x54, 
0x55, 0x55, 0x55, 0x44, 0x35, 0x55, 0x55, 0x55, 0x54, 0x55, 0x55, 0x45, 0x55, 0x55, 0x44, 0x55, 0x45, 0x45, 0x55, 0x45, 
0x55, 0x54, 0x45, 0x55, 0x55, 0x55, 0x55, 0x55, 0x55, 0x53, 0x55, 0x54, 0x45, 0x55, 0x55, 0x55, 0x55, 0x55, 0x55, 0x55, 
0x55, 0x55, 0x55, 0x55, 0x55, 0x54, 0x54, 0x54, 0x55, 0x55, 0x55, 0x54, 0x54, 0x53, 0x55, 0x54, 0x55, 0x54, 0x44, 0x55, 
0x45, 0x55, 0x35, 0x55, 0x55, 0x45, 0x55, 0x44, 0x45, 0x54, 0x55, 0x54, 0x55, 0x55, 0x55, 0x45, 0x54, 0x55, 0x55, 0x55, 
0x53, 0x54, 0x45, 0x54, 0x55, 0x55, 0x44, 0x55, 0x45, 0x55, 0x55, 0x55, 0x55, 0x54, 0x55, 0x55, 0x54, 0x54, 0x54, 0x55, 
0x55, 0x45, 0x55, 0x55, 0x55, 0x55, 0x55, 0x45, 0x55, 0x55, 0x45, 0x55, 0x55, 0x55, 0x53, 0x45, 0x55, 0x55, 0x55, 0x44, 
0x55, 0x55, 0x55, 0x55, 0x55, 0x55, 0x55, 0x55, 0x55, 0x55, 0x55, 0x45, 0x54, 0x44, 0x55, 0x55, 0x55, 0x54, 0x55, 0x55, 
0x55, 0x54, 0x55, 0x55, 0x55, 0x55, 0x55, 0x55, 0x55, 0x55, 0x55, 0x55, 0x55, 0x55, 0x55, 0x55, 0x55, 0x55, 0x55, 0x55, 
0x55, 0x35, 0x45, 0x55, 0x55, 0x55, 0x55, 0x55, 0x55, 0x55, 0x35, 0x55, 0x44, 0x54, 0x45, 0x42, 0x55, 0x45, 0x54, 0x54, 
0x55, 0x55, 0x55, 0x55, 0x35, 0x35, 0x55, 0x55, 0x55, 0x35, 0x55, 0x45, 0x55, 0x55, 0x55, 0x44, 0x55, 0x55, 0x55, 0x35, 
0x54, 0x54, 0x45, 0x45, 0x55, 0x55, 0x55, 0x55, 0x55, 0x55, 0x35, 0x55, 0x53, 0x25, 0x45, 0x55, 0x55, 0x55, 0x55, 0x55, 
0x55, 0x55, 0x52, 0x55, 0x55, 0x55, 0x15, 0x55, 0x55, 0x55, 0x55, 0x55, 0x55, 0x55, 0x42, 0x55, 0x25, 0x45, 0x55, 0x55, 
0x55, 0x55, 0x55, 0x55, 0x35, 0x55, 0x45, 0x55, 0x55, 0x55, 0x53, 0x55, 0x45, 0x55, 0x55, 0x54, 0x55, 0x55, 0x25, 0x55, 
0x55, 0x55, 0x55, 0x55, 0x55, 0x55, 0x35, 0x54, 0x55, 0x55, 0x55, 0x55, 0x54, 0x55, 0x55, 0x55, 0x54, 0x53, 0x55, 0x55, 
0x55, 0x55, 0x45, 0x55, 0x35, 0x55, 0x55, 0x55, 0x54, 0x55, 0x55, 0x45, 0x55, 0x55, 0x55, 0x55, 0x55, 0x55, 0x55, 0x53, 
0x55, 0x55, 0x52, 0x54, 0x55, 0x55, 0x55, 0x55, 0x55, 0x54, 0x54, 0x55, 0x55, 0x55, 0x55, 0x55, 0x55, 0x45, 0x55, 0x54, 
0x55, 0x55, 0x45, 0x55, 0x45, 0x55, 0x55, 0x45, 0x45, 0x55, 0x54, 0x55, 0x55, 0x55, 0x55, 0x45, 0x44, 0x55, 0x45, 0x55, 
0x53, 0x55, 0x55, 0x55, 0x55, 0x45, 0x55, 0x55, 0x54, 0x45, 0x55, 0x55, 0x55, 0x55, 0x45, 0x45, 0x55, 0x55, 0x45, 0x55, 
0x55, 0x55, 0x55, 0x55, 0x54, 0x54, 0x55, 0x45, 0x55, 0x55, 0x55, 0x55, 0x55, 0x55, 0x45, 0x55, 0x55, 0x55, 0x55, 0x55, 
0x55, 0x55, 0x55, 0x35, 0x55, 0x55, 0x54, 0x55, 0x55, 0x45, 0x45, 0x55, 0x55, 0x55, 0x55, 0x55, 0x44, 0x54, 0x45, 0x55, 
0x55, 0x55, 0x55, 0x55, 0x55, 0x44, 0x55, 0x55, 0x55, 0x55, 0x55, 0x55, 0x55, 0x45, 0x45, 0x55, 0x55, 0x53, 0x55, 0x55, 
0x55, 0x35, 0x44, 0x55, 0x35, 0x53, 0x55, 0x55, 0x55, 0x55, 0x55, 0x55, 0x33, 0x55, 0x25, 0x54, 0x55, 0x55, 0x55, 0x55, 
0x55, 0x52, 0x54, 0x15, 0x55, 0x55, 0x55, 0x55, 0x55, 0x25, 0x54, 0x55, 0x55, 0x55, 0x55, 0x25, 0x55, 0x55, 0x55, 0x55, 
0x54, 0x55, 0x55, 0x54, 0x55, 0x55, 0x54, 0x53, 0x55, 0x44, 0x45, 0x34, 0x55, 0x55, 0x55, 0x54, 0x45, 0x45, 0x55, 0x55, 
0x55, 0x54, 0x55, 0x44, 0x45, 0x35, 0x55, 0x54, 0x54, 0x44, 0x55, 0x55, 0x54, 0x53, 0x54, 0x54, 0x55, 0x45, 0x55, 0x33, 
0x55, 0x45, 0x55, 0x34, 0x55, 0x55, 0x55, 0x55, 0x55, 0x55, 0x55, 0x55, 0x55, 0x45, 0x35, 0x54, 0x55, 0x55, 0x55, 0x45, 
0x25, 0x45, 0x55, 0x45, 0x55, 0x55, 0x55, 0x55, 0x55, 0x55, 0x55, 0x54, 0x55, 0x45, 0x45, 0x35, 0x55, 0x55, 0x54, 0x55, 
0x55, 0x54, 0x44, 0x55, 0x55, 0x54, 0x55, 0x55, 0x55, 0x55, 0x55, 0x55, 0x55, 0x54, 0x45, 0x55, 0x55, 0x55, 0x55, 0x55, 
0x55, 0x55, 0x54, 0x45, 0x55, 0x55, 0x55, 0x45, 0x53, 0x55, 0x55, 0x55, 0x55, 0x55, 0x45, 0x55, 0x55, 0x45, 0x54, 0x54, 
0x55, 0x54, 0x55, 0x55, 0x55, 0x55, 0x54, 0x55, 0x54, 0x55, 0x55, 0x44, 0x35, 0x55, 0x44, 0x54, 0x55, 0x45, 0x55, 0x55, 
0x54, 0x55, 0x53, 0x55, 0x55, 0x54, 0x55, 0x55, 0x55, 0x55, 0x55, 0x55, 0x54, 0x52, 0x53, 0x35, 0x55, 0x55, 0x55, 0x55, 
0x55, 0x55, 0x45, 0x55, 0x55, 0x45, 0x55, 0x54, 0x55, 0x55, 0x45, 0x55, 0x55, 0x55, 0x35, 0x55, 0x45, 0x55, 0x55, 0x55, 
0x55, 0x55, 0x44, 0x55, 0x54, 0x45, 0x55, 0x45, 0x54, 0x55, 0x55, 0x55, 0x55, 0x55, 0x55, 0x55, 0x55, 0x55, 0x55, 0x55, 
0x55, 0x44, 0x55, 0x55, 0x45, 0x55, 0x55, 0x45, 0x44, 0x45, 0x55, 0x55, 0x55, 0x55, 0x45, 0x55, 0x45, 0x45, 0x45, 0x55, 
0x55, 0x45, 0x45, 0x54, 0x53, 0x53, 0x54, 0x54, 0x55, 0x55, 0x54, 0x35, 0x55, 0x55, 0x55, 0x55, 0x45, 0x55, 0x55, 0x55, 
0x55, 0x52, 0x45, 0x45, 0x52, 0x45, 0x55, 0x51, 0x55, 0x55, 0x55, 0x54, 0x45, 0x52, 0x55, 0x35, 0x55, 0x55, 0x55, 0x55, 
0x55, 0x55, 0x55, 0x55, 0x55, 0x55, 0x55, 0x44, 0x45, 0x55, 0x55, 0x55, 0x55, 0x55, 0x55, 0x45, 0x55, 0x55, 0x55, 0x55, 
0x55, 0x55, 0x45, 0x55, 0x54, 0x55, 0x54, 0x53, 0x35, 0x55, 0x55, 0x35, 0x44, 0x55, 0x45, 0x54, 0x55, 0x55, 0x55, 0x55, 
0x55, 0x55, 0x55, 0x55, 0x55, 0x53, 0x55, 0x45, 0x55, 0x25, 0x55, 0x54, 0x55, 0x45, 0x55, 0x45, 0x45, 0x55, 0x45, 0x55, 
0x55, 0x45, 0x54, 0x55, 0x55, 0x55, 0x55, 0x45, 0x55, 0x45, 0x55, 0x55, 0x55, 0x35, 0x45, 0x54, 0x44, 0x53, 0x35, 0x55, 
0x54, 0x54, 0x44, 0x35, 0x55, 0x54, 0x44, 0x55, 0x55, 0x55, 0x55, 0x45, 0x54, 0x55, 0x55, 0x55, 0x55, 0x55, 0x55, 0x55, 
0x55, 0x55, 0x55, 0x55, 0x55, 0x54, 0x55, 0x55, 0x45, 0x55, 0x55, 0x55, 0x55, 0x54, 0x55, 0x55, 0x55, 0x44, 0x55, 0x55, 
0x55, 0x55, 0x55, 0x55, 0x54, 0x55, 0x35, 0x55, 0x35, 0x54, 0x45, 0x55, 0x55, 0x55, 0x55, 0x45, 0x55, 0x44, 0x55, 0x45, 
0x55, 0x55, 0x54, 0x44, 0x55, 0x45, 0x45, 0x45, 0x54, 0x54, 0x55, 0x55, 0x55, 0x55, 0x55, 0x55, 0x54, 0x53, 0x53, 0x55, 
0x54, 0x45, 0x53, 0x55, 0x54, 0x55, 0x55, 0x55, 0x55, 0x45, 0x55, 0x45, 0x55, 0x35, 0x54, 0x55, 0x55, 0x45, 0x25, 0x55, 
0x55, 0x55, 0x55, 0x55, 0x55, 0x44, 0x54, 0x54, 0x55, 0x55, 0x55, 0x55, 0x55, 0x55, 0x55, 0x55, 0x55, 0x55, 0x55, 0x55, 
0x55, 0x55, 0x55, 0x55, 0x55, 0x55, 0x55, 0x55, 0x55, 0x55, 0x55, 0x55, 0x54, 0x55, 0x55, 0x55, 0x55, 0x55, 0x45, 0x55, 
0x45, 0x54, 0x35, 0x55, 0x44, 0x55, 0x55, 0x55, 0x55, 0x55, 0x55, 0x55, 0x55, 0x55, 0x55, 0x55, 0x45, 0x55, 0x55, 0x45, 
0x55, 0x55, 0x45, 0x44, 0x54, 0x45, 0x55, 0x45, 0x55, 0x55, 0x55, 0x54, 0x55, 0x54, 0x54, 0x55, 0x55, 0x45, 0x55, 0x45, 
0x55, 0x55, 0x54, 0x55, 0x54, 0x45, 0x44, 0x55, 0x55, 0x55, 0x55, 0x45, 0x54, 0x55, 0x54, 0x55, 0x54, 0x54, 0x55, 0x35, 
0x55, 0x35, 0x55, 0x55, 0x55, 0x54, 0x55, 0x45, 0x54, 0x55, 0x54, 0x55, 0x45, 0x45, 0x55, 0x55, 0x55, 0x45, 0x54, 0x55, 
0x54, 0x55, 0x35, 0x55, 0x55, 0x45, 0x55, 0x55, 0x55, 0x55, 0x55, 0x54, 0x55, 0x55, 0x55, 0x55, 0x45, 0x55, 0x55, 0x45, 
0x54, 0x45, 0x55, 0x55, 0x55, 0x55, 0x55, 0x55, 0x55, 0x44, 0x55, 0x45, 0x55, 0x55, 0x54, 0x55, 0x55, 0x54, 0x53, 0x55, 
0x55, 0x55, 0x55, 0x55, 0x45, 0x55, 0x55, 0x55, 0x44, 0x54, 0x45, 0x55, 0x55, 0x55, 0x55, 0x54, 0x55, 0x55, 0x54, 0x45, 
0x45, 0x55, 0x55, 0x55, 0x55, 0x53, 0x55, 0x55, 0x44, 0x55, 0x55, 0x55, 0x55, 0x55, 0x55, 0x54, 0x55, 0x55, 0x55, 0x45, 
0x55, 0x55, 0x35, 0x55, 0x55, 0x54, 0x45, 0x45, 0x55, 0x55, 0x54, 0x54, 0x55, 0x55, 0x55, 0x54, 0x45, 0x55, 0x55, 0x45, 
0x55, 0x53, 0x55, 0x55, 0x54, 0x35, 0x55, 0x55, 0x55, 0x55, 0x55, 0x54, 0x55, 0x55, 0x55, 0x44, 0x55, 0x54, 0x54, 0x55, 
0x44, 0x54, 0x55, 0x53, 0x54, 0x55, 0x55, 0x55, 0x55, 0x54, 0x54, 0x45, 0x55, 0x55, 0x55, 0x55, 0x52, 0x55, 0x55, 0x55, 
0x55, 0x55, 0x55, 0x55, 0x35, 0x55, 0x55, 0x55, 0x55, 0x55, 0x35, 0x55, 0x54, 0x55, 0x55, 0x55, 0x55, 0x34, 0x55, 0x55, 
0x45, 0x55, 0x54, 0x55, 0x55, 0x55, 0x55, 0x55, 0x55, 0x43, 0x55, 0x45, 0x54, 0x53, 0x45, 0x44, 0x55, 0x54, 0x45, 0x55, 
0x55, 0x55, 0x45, 0x54, 0x55, 0x55, 0x54, 0x55, 0x45, 0x55, 0x44, 0x55, 0x55, 0x45, 0x55, 0x55, 0x55, 0x45, 0x54, 0x55, 
0x55, 0x55, 0x55, 0x55, 0x55, 0x55, 0x54, 0x54, 0x55, 0x55, 0x53, 0x55, 0x55, 0x54, 0x55, 0x55, 0x55, 0x55, 0x45, 0x25, 
0x55, 0x55, 0x55, 0x55, 0x55, 0x54, 0x43, 0x55, 0x45, 0x55, 0x55, 0x35, 0x35, 0x45, 0x45, 0x55, 0x54, 0x55, 0x45, 0x55, 
0x35, 0x55, 0x55, 0x45, 0x55, 0x55, 0x55, 0x55, 0x55, 0x55, 0x54, 0x52, 0x55, 0x55, 0x55, 0x55, 0x45, 0x35, 0x55, 0x55, 
0x35, 0x55, 0x55, 0x55, 0x55, 0x55, 0x55, 0x45, 0x55, 0x55, 0x55, 0x35, 0x45, 0x55, 0x55, 0x55, 0x53, 0x55, 0x55, 0x55, 
0x53, 0x55, 0x55, 0x55, 0x52, 0x54, 0x55, 0x55, 0x44, 0x54, 0x55, 0x55, 0x55, 0x53, 0x55, 0x54, 0x35, 0x55, 0x54, 0x54, 
0x45, 0x55, 0x55, 0x55, 0x55, 0x55, 0x55, 0x55, 0x55, 0x54, 0x55, 0x55, 0x55, 0x55, 0x54, 0x45, 0x55, 0x55, 0x55, 0x55, 
0x55, 0x45, 0x55, 0x55, 0x55, 0x55, 0x55, 0x55, 0x45, 0x55, 0x55, 0x45, 0x55, 0x53, 0x53, 0x55, 0x45, 0x55, 0x45, 0x45, 
0x55, 0x55, 0x45, 0x55, 0x55, 0x55, 0x45, 0x54, 0x55, 0x55, 0x55, 0x54, 0x54, 0x55, 0x54, 0x54, 0x55, 0x55, 0x55, 0x15, 
0x55, 0x55, 0x55, 0x55, 0x52, 0x55, 0x55, 0x55, 0x55, 0x55, 0x55, 0x42, 0x45, 0x52, 0x55, 0x55, 0x55, 0x55, 0x55, 0x45, 
0x54, 0x55, 0x55, 0x55, 0x55, 0x55, 0x55, 0x54, 0x55, 0x55, 0x55, 0x54, 0x55, 0x55, 0x54, 0x55, 0x55, 0x55, 0x55, 0x43, 
0x55, 0x55, 0x55, 0x55, 0x54, 0x55, 0x54, 0x55, 0x54, 0x55, 0x55, 0x54, 0x55, 0x55, 0x35, 0x55, 0x45, 0x45, 0x55, 0x55, 
0x54, 0x55, 0x45, 0x54, 0x54, 0x55, 0x55, 0x55, 0x55, 0x55, 0x54, 0x55, 0x43, 0x45, 0x55, 0x55, 0x55, 0x54, 0x55, 0x54, 
0x45, 0x55, 0x55, 0x55, 0x53, 0x55, 0x55, 0x54, 0x45, 0x55, 0x55, 0x35, 0x55, 0x55, 0x55, 0x55, 0x45, 0x55, 0x55, 0x45, 
0x54, 0x54, 0x55, 0x45, 0x45, 0x54, 0x55, 0x54, 0x45, 0x55, 0x55, 0x55, 0x55, 0x54, 0x54, 0x54, 0x55, 0x55, 0x55, 0x54, 
0x55, 0x55, 0x45, 0x55, 0x55, 0x53, 0x55, 0x55, 0x45, 0x45, 0x55, 0x55, 0x55, 0x55, 0x55, 0x55, 0x45, 0x45, 0x45, 0x55, 
0x45, 0x55, 0x55, 0x25, 0x55, 0x55, 0x55, 0x45, 0x53, 0x55, 0x55, 0x55, 0x55, 0x55, 0x55, 0x55, 0x55, 0x55, 0x55, 0x54, 
0x55, 0x45, 0x55, 0x55, 0x55, 0x53, 0x45, 0x55, 0x55, 0x55, 0x35, 0x54, 0x55, 0x55, 0x54, 0x52, 0x55, 0x55, 0x55, 0x44, 
0x53, 0x55, 0x55, 0x55, 0x35, 0x55, 0x55, 0x45, 0x55, 0x54, 0x55, 0x35, 0x55, 0x55, 0x53, 0x55, 0x55, 0x54, 0x55, 0x55, 
0x55, 0x55, 0x55, 0x45, 0x45, 0x54, 0x55, 0x55, 0x55, 0x55, 0x54, 0x35, 0x45, 0x55, 0x54, 0x55, 0x55, 0x45, 0x55, 0x55, 
0x55, 0x55, 0x55, 0x35, 0x45, 0x55, 0x45, 0x54, 0x54, 0x45, 0x55, 0x54, 0x55, 0x55, 0x53, 0x54, 0x55, 0x55, 0x55, 0x55, 
0x55, 0x55, 0x55, 0x55, 0x54, 0x55, 0x55, 0x55, 0x45, 0x55, 0x55, 0x55, 0x55, 0x45, 0x55, 0x54, 0x54, 0x45, 0x55, 0x55, 
0x45, 0x45, 0x55, 0x55, 0x55, 0x55, 0x45, 0x55, 0x55, 0x55, 0x55, 0x55, 0x55, 0x55, 0x55, 0x55, 0x55, 0x55, 0x54, 0x55, 
0x54, 0x55, 0x44, 0x55, 0x55, 0x55, 0x45, 0x55, 0x55, 0x55, 0x55, 0x25, 0x54, 0x55, 0x55, 0x45, 0x45, 0x55, 0x53, 0x53, 
0x55, 0x54, 0x43, 0x55, 0x55, 0x55, 0x55, 0x54, 0x55, 0x55, 0x55, 0x35, 0x54, 0x55, 0x55, 0x45, 0x55, 0x55, 0x35, 0x55, 
0x55, 0x45, 0x55, 0x45, 0x55, 0x55, 0x55, 0x55, 0x55, 0x45, 0x55, 0x45, 0x55, 0x54, 0x55, 0x54, 0x55, 0x55, 0x54, 0x54, 
0x55, 0x45, 0x55, 0x55, 0x55, 0x54, 0x55, 0x53, 0x55, 0x45, 0x55, 0x34, 0x55, 0x55, 0x45, 0x54, 0x45, 0x54, 0x55, 0x55, 
0x45, 0x55, 0x54, 0x55, 0x53, 0x45, 0x55, 0x55, 0x54, 0x55, 0x45, 0x55, 0x55, 0x55, 0x55, 0x55, 0x54, 0x54, 0x55, 0x55, 
0x55, 0x45, 0x54, 0x55, 0x54, 0x55, 0x55, 0x54, 0x45, 0x55, 0x55, 0x55, 0x55, 0x55, 0x35, 0x55, 0x45, 0x45, 0x55, 0x55, 
0x55, 0x55, 0x54, 0x55, 0x55, 0x45, 0x55, 0x44, 0x45, 0x55, 0x55, 0x54, 0x55, 0x55, 0x45, 0x55, 0x55, 0x45, 0x55, 0x45, 
0x54, 0x55, 0x55, 0x54, 0x55, 0x55, 0x55, 0x55, 0x54, 0x55, 0x54, 0x35, 0x55, 0x55, 0x55, 0x55, 0x55, 0x55, 0x55, 0x55, 
0x44, 0x54, 0x55, 0x55, 0x55, 0x54, 0x55, 0x55, 0x55, 0x55, 0x54, 0x45, 0x35, 0x53, 0x55, 0x45, 0x55, 0x55, 0x55, 0x55, 
0x44, 0x55, 0x55, 0x55, 0x55, 0x55, 0x55, 0x54, 0x55, 0x55, 0x55, 0x55, 0x55, 0x35, 0x55, 0x45, 0x55, 0x45, 0x55, 0x55, 
0x45, 0x55, 0x55, 0x55, 0x55, 0x55, 0x55, 0x55, 0x45, 0x45, 0x55, 0x55, 0x44, 0x55, 0x55, 0x45, 0x55, 0x54, 0x55, 0x55, 
0x55, 0x54, 0x45, 0x55, 0x45, 0x54, 0x45, 0x55, 0x54, 0x53, 0x55, 0x55, 0x55, 0x45, 0x55, 0x55, 0x55, 0x55, 0x54, 0x54, 
0x55, 0x55, 0x55, 0x54, 0x45, 0x55, 0x54, 0x55, 0x45, 0x54, 0x55, 0x55, 0x55, 0x55, 0x55, 0x45, 0x55, 0x55, 0x55, 0x55, 
0x55, 0x55, 0x55, 0x44, 0x55, 0x55, 0x45, 0x54, 0x55, 0x55, 0x55, 0x55, 0x55, 0x55, 0x45, 0x55, 0x55, 0x55, 0x55, 0x55, 
0x54, 0x55, 0x55, 0x55, 0x54, 0x55, 0x55, 0x55, 0x55, 0x43, 0x54, 0x55, 0x55, 0x55, 0x45, 0x55, 0x55, 0x55, 0x55, 0x53, 
0x55, 0x55, 0x54, 0x55, 0x55, 0x44, 0x44, 0x55, 0x55, 0x55, 0x54, 0x55, 0x55, 0x55, 0x55, 0x55, 0x45, 0x45, 0x55, 0x55, 
0x54, 0x55, 0x55, 0x55, 0x55, 0x55, 0x55, 0x55, 0x55, 0x55, 0x55, 0x55, 0x43, 0x55, 0x55, 0x55, 0x55, 0x44, 0x44, 0x55, 
0x55, 0x55, 0x55, 0x45, 0x55, 0x45, 0x55, 0x55, 0x55, 0x55, 0x45, 0x55, 0x55, 0x54, 0x55, 0x55, 0x55, 0x55, 0x52, 0x55, 
0x55, 0x55, 0x55, 0x55, 0x55, 0x54, 0x35, 0x55, 0x55, 0x55, 0x35, 0x55, 0x55, 0x45, 0x55, 0x53, 0x55, 0x54, 0x55, 0x55, 
0x55, 0x55, 0x55, 0x53, 0x54, 0x54, 0x55, 0x55, 0x55, 0x55, 0x55, 0x55, 0x55, 0x55, 0x55, 0x55, 0x55, 0x55, 0x55, 0x45, 
0x54, 0x55, 0x54, 0x55, 0x45, 0x55, 0x55, 0x55, 0x55, 0x55, 0x54, 0x54, 0x55, 0x55, 0x55, 0x55, 0x55, 0x55, 0x45, 0x55, 
0x55, 0x55, 0x55, 0x55, 0x55, 0x55, 0x55, 0x45, 0x55, 0x55, 0x55, 0x55, 0x55, 0x45, 0x45, 0x53, 0x55, 0x55, 0x55, 0x55, 
0x55, 0x45, 0x55, 0x55, 0x44, 0x45, 0x54, 0x55, 0x55, 0x55, 0x55, 0x55, 0x54, 0x54, 0x55, 0x55, 0x55, 0x45, 0x55, 0x54, 
0x55, 0x55, 0x54, 0x55, 0x55, 0x55, 0x45, 0x55, 0x53, 0x55, 0x54, 0x55, 0x45, 0x55, 0x35, 0x55, 0x25, 0x54, 0x55, 0x55, 
0x55, 0x55, 0x45, 0x53, 0x55, 0x55, 0x55, 0x55, 0x55, 0x55, 0x55, 0x53, 0x45, 0x55, 0x55, 0x45, 0x55, 0x55, 0x54, 0x54, 
0x55, 0x45, 0x55, 0x55, 0x44, 0x55, 0x55, 0x35, 0x55, 0x55, 0x55, 0x55, 0x44, 0x55, 0x45, 0x45, 0x55, 0x45, 0x55, 0x45, 
0x55, 0x55, 0x55, 0x55, 0x55, 0x55, 0x55, 0x55, 0x55, 0x55, 0x55, 0x55, 0x45, 0x55, 0x55, 0x55, 0x55, 0x55, 0x55, 0x55, 
0x55, 0x55, 0x55, 0x55, 0x54, 0x55, 0x55, 0x55, 0x55, 0x55, 0x55, 0x54, 0x55, 0x45, 0x55, 0x45, 0x55, 0x55, 0x55, 0x55, 
0x55, 0x55, 0x55, 0x55, 0x55, 0x55, 0x55, 0x45, 0x55, 0x54, 0x55, 0x55, 0x55, 0x54, 0x54, 0x45, 0x55, 0x54, 0x55, 0x54, 
0x44, 0x55, 0x55, 0x45, 0x55, 0x55, 0x33, 0x55, 0x55, 0x55, 0x55, 0x55, 0x55, 0x55, 0x54, 0x55, 0x45, 0x54, 0x55, 0x44, 
0x55, 0x53, 0x55, 0x55, 0x44, 0x55, 0x55, 0x55, 0x55, 0x55, 0x44, 0x55, 0x45, 0x55, 0x55, 0x55, 0x55, 0x55, 0x54, 0x55, 
0x55, 0x54, 0x54, 0x55, 0x55, 0x55, 0x55, 0x55, 0x54, 0x55, 0x53, 0x54, 0x55, 0x55, 0x55, 0x43, 0x54, 0x55, 0x45, 0x45, 
0x55, 0x55, 0x54, 0x44, 0x55, 0x53, 0x45, 0x45, 0x55, 0x55, 0x45, 0x45, 0x45, 0x55, 0x55, 0x55, 0x55, 0x55, 0x54, 0x54, 
0x55, 0x55, 0x55, 0x55, 0x55, 0x55, 0x55, 0x55, 0x55, 0x55, 0x55, 0x55, 0x55, 0x54, 0x55, 0x55, 0x55, 0x55, 0x45, 0x55, 
0x45, 0x55, 0x55, 0x55, 0x55, 0x55, 0x55, 0x55, 0x45, 0x55, 0x55, 0x45, 0x54, 0x55, 0x55, 0x55, 0x55, 0x55, 0x55, 0x55, 
0x55, 0x55, 0x55, 0x55, 0x55, 0x55, 0x54, 0x55, 0x45, 0x45, 0x55, 0x45, 0x55, 0x55, 0x55, 0x45, 0x55, 0x55, 0x55, 0x55, 
0x55, 0x55, 0x55, 0x55, 0x55, 0x55, 0x53, 0x55, 0x55, 0x55, 0x45, 0x44, 0x54, 0x55, 0x45, 0x55, 0x55, 0x45, 0x55, 0x54, 
0x55, 0x55, 0x55, 0x55, 0x55, 0x54, 0x55, 0x55, 0x55, 0x55, 0x55, 0x55, 0x55, 0x55, 0x55, 0x55, 0x45, 0x55, 0x44, 0x55, 
0x55, 0x55, 0x35, 0x55, 0x45, 0x55, 0x45, 0x55, 0x55, 0x55, 0x55, 0x54, 0x55, 0x55, 0x55, 0x45, 0x54, 0x55, 0x55, 0x54, 
0x55, 0x55, 0x55, 0x55, 0x55, 0x55, 0x55, 0x55, 0x55, 0x54, 0x44, 0x55, 0x55, 0x55, 0x45, 0x45, 0x55, 0x45, 0x55, 0x35, 
0x55, 0x55, 0x45, 0x55, 0x55, 0x55, 0x55, 0x44, 0x55, 0x55, 0x55, 0x55, 0x55, 0x55, 0x55, 0x55, 0x55, 0x54, 0x55, 0x55, 
0x55, 0x55, 0x45, 0x55, 0x55, 0x55, 0x55, 0x55, 0x55, 0x55, 0x55, 0x55, 0x55, 0x55, 0x55, 0x55, 0x55, 0x55, 0x55, 0x54, 
0x45, 0x55, 0x55, 0x54, 0x55, 0x55, 0x55, 0x55, 0x55, 0x54, 0x45, 0x55, 0x54, 0x55, 0x55, 0x55, 0x55, 0x55, 0x55, 0x55, 
0x45, 0x55, 0x54, 0x55, 0x55, 0x55, 0x55, 0x45, 0x55, 0x55, 0x54, 0x54, 0x55, 0x55, 0x54, 0x55, 0x54, 0x54, 0x55, 0x35, 
0x55, 0x55, 0x55, 0x55, 0x55, 0x55, 0x55, 0x45, 0x55, 0x55, 0x55, 0x55, 0x45, 0x55, 0x55, 0x54, 0x55, 0x45, 0x55, 0x55, 
0x55, 0x55, 0x55, 0x55, 0x55, 0x54, 0x55, 0x55, 0x55, 0x55, 0x55, 0x55, 0x55, 0x54, 0x55, 0x55, 0x54, 0x45, 0x55, 0x55, 
0x55, 0x55, 0x55, 0x55, 0x55, 0x54, 0x54, 0x55, 0x55, 0x35, 0x55, 0x55, 0x54, 0x45, 0x55, 0x55, 0x55, 0x45, 0x55, 0x55, 
0x54, 0x45, 0x54, 0x54, 0x55, 0x54, 0x55, 0x55, 0x55, 0x55, 0x55, 0x45, 0x55, 0x55, 0x55, 0x55, 0x55, 0x55, 0x34, 0x55, 
0x35, 0x55, 0x55, 0x55, 0x54, 0x55, 0x55, 0x55, 0x55, 0x54, 0x55, 0x25, 0x55, 0x55, 0x55, 0x55, 0x55, 0x55, 0x55, 0x55, 
0x55, 0x35, 0x55, 0x55, 0x55, 0x42, 0x55, 0x55, 0x55, 0x51, 0x55, 0x55, 0x55, 0x55, 0x55, 0x55, 0x55, 0x52, 0x54, 0x55, 
0x52, 0x55, 0x55, 0x55, 0x55, 0x55, 0x55, 0x35, 0x55, 0x55, 0x55, 0x54, 0x55, 0x44, 0x55, 0x55, 0x24, 0x55, 0x55, 0x35, 
0x55, 0x55, 0x55, 0x54, 0x55, 0x55, 0x55, 0x55, 0x55, 0x53, 0x55, 0x54, 0x55, 0x55, 0x52, 0x54, 0x55, 0x55, 0x55, 0x55, 
0x55, 0x55, 0x55, 0x55, 0x35, 0x55, 0x55, 0x45, 0x55, 0x55, 0x35, 0x55, 0x55, 0x55, 0x45, 0x54, 0x35, 0x55, 0x55, 0x54, 
0x54, 0x55, 0x55, 0x55, 0x55, 0x55, 0x53, 0x55, 0x55, 0x55, 0x55, 0x55, 0x55, 0x54, 0x55, 0x54, 0x55, 0x55, 0x55, 0x54, 
0x55, 0x45, 0x45, 0x55, 0x55, 0x54, 0x55, 0x45, 0x55, 0x45, 0x55, 0x45, 0x55, 0x55, 0x45, 0x45, 0x55, 0x55, 0x55, 0x55, 
0x54, 0x53, 0x55, 0x55, 0x55, 0x55, 0x25, 0x55, 0x55, 0x55, 0x55, 0x53, 0x55, 0x55, 0x54, 0x55, 0x54, 0x55, 0x55, 0x55, 
0x55, 0x53, 0x45, 0x54, 0x55, 0x44, 0x45, 0x45, 0x44, 0x55, 0x55, 0x55, 0x55, 0x45, 0x45, 0x53, 0x55, 0x45, 0x55, 0x55, 
0x35, 0x55, 0x54, 0x55, 0x35, 0x55, 0x55, 0x54, 0x55, 0x54, 0x45, 0x55, 0x55, 0x45, 0x55, 0x54, 0x55, 0x55, 0x54, 0x55, 
0x55, 0x55, 0x55, 0x44, 0x55, 0x55, 0x55, 0x54, 0x45, 0x55, 0x55, 0x54, 0x55, 0x55, 0x55, 0x55, 0x55, 0x55, 0x55, 0x55, 
0x55, 0x54, 0x55, 0x54, 0x35, 0x45, 0x55, 0x55, 0x55, 0x55, 0x55, 0x55, 0x55, 0x55, 0x45, 0x54, 0x45, 0x33, 0x55, 0x55, 
0x55, 0x55, 0x54, 0x55, 0x45, 0x54, 0x45, 0x45, 0x55, 0x54, 0x45, 0x55, 0x54, 0x44, 0x54, 0x55, 0x55, 0x45, 0x54, 0x55, 
0x55, 0x55, 0x55, 0x55, 0x55, 0x55, 0x55, 0x55, 0x55, 0x55, 0x55, 0x54, 0x55, 0x55, 0x45, 0x55, 0x55, 0x54, 0x55, 0x45, 
0x55, 0x55, 0x55, 0x55, 0x54, 0x55, 0x55, 0x55, 0x55, 0x55, 0x43, 0x55, 0x55, 0x55, 0x55, 0x45, 0x55, 0x45, 0x55, 0x55, 
0x45, 0x55, 0x55, 0x45, 0x55, 0x55, 0x55, 0x45, 0x45, 0x45, 0x55, 0x54, 0x45, 0x45, 0x55, 0x55, 0x45, 0x44, 0x55, 0x55, 
0x55, 0x55, 0x55, 0x55, 0x55, 0x55, 0x55, 0x55, 0x55, 0x55, 0x55, 0x54, 0x55, 0x54, 0x45, 0x55, 0x45, 0x55, 0x54, 0x55, 
0x54, 0x44, 0x35, 0x55, 0x55, 0x55, 0x55, 0x45, 0x55, 0x55, 0x55, 0x55, 0x55, 0x45, 0x54, 0x45, 0x55, 0x55, 0x45, 0x54, 
0x55, 0x55, 0x54, 0x53, 0x53, 0x45, 0x55, 0x35, 0x55, 0x45, 0x55, 0x55, 0x54, 0x55, 0x55, 0x44, 0x54, 0x55, 0x54, 0x55, 
0x53, 0x55, 0x55, 0x55, 0x45, 0x55, 0x55, 0x54, 0x55, 0x55, 0x45, 0x55, 0x55, 0x54, 0x53, 0x55, 0x52, 0x54, 0x55, 0x45, 
0x55, 0x55, 0x55, 0x55, 0x35, 0x55, 0x55, 0x55, 0x55, 0x45, 0x55, 0x55, 0x55, 0x55, 0x43, 0x55, 0x53, 0x55, 0x55, 0x54, 
0x55, 0x55, 0x55, 0x54, 0x45, 0x55, 0x55, 0x54, 0x55, 0x55, 0x54, 0x45, 0x45, 0x55, 0x55, 0x54, 0x55, 0x55, 0x53, 0x45, 
0x55, 0x54, 0x45, 0x55, 0x54, 0x54, 0x55, 0x54, 0x55, 0x53, 0x45, 0x55, 0x35, 0x55, 0x54, 0x54, 0x54, 0x55, 0x55, 0x55, 
0x55, 0x45, 0x55, 0x35, 0x55, 0x45, 0x55, 0x53, 0x44, 0x54, 0x55, 0x55, 0x45, 0x55, 0x55, 0x45, 0x55, 0x44, 0x55, 0x55, 
0x55, 0x55, 0x55, 0x55, 0x54, 0x45, 0x55, 0x45, 0x55, 0x55, 0x55, 0x55, 0x55, 0x55, 0x54, 0x55, 0x45, 0x54, 0x53, 0x54, 
0x55, 0x55, 0x55, 0x55, 0x54, 0x55, 0x54, 0x55, 0x54, 0x55, 0x55, 0x55, 0x55, 0x54, 0x54, 0x54, 0x55, 0x55, 0x55, 0x45, 
0x55, 0x55, 0x55, 0x55, 0x55, 0x55, 0x55, 0x55, 0x54, 0x55, 0x55, 0x55, 0x55, 0x55, 0x55, 0x54, 0x55, 0x55, 0x55, 0x55, 
0x55, 0x55, 0x54, 0x55, 0x55, 0x55, 0x55, 0x54, 0x54, 0x55, 0x45, 0x55, 0x55, 0x55, 0x55, 0x54, 0x55, 0x54, 0x55, 0x55, 
0x55, 0x55, 0x55, 0x55, 0x44, 0x55, 0x45, 0x54, 0x55, 0x55, 0x55, 0x55, 0x55, 0x54, 0x55, 0x55, 0x53, 0x55, 0x55, 0x55, 
0x55, 0x54, 0x55, 0x53, 0x55, 0x54, 0x35, 0x55, 0x55, 0x55, 0x55, 0x54, 0x55, 0x55, 0x55, 0x44, 0x55, 0x55, 0x45, 0x55, 
0x55, 0x55, 0x54, 0x54, 0x55, 0x54, 0x54, 0x55, 0x44, 0x55, 0x55, 0x55, 0x55, 0x53, 0x55, 0x55, 0x35, 0x45, 0x55, 0x45, 
0x55, 0x44, 0x52, 0x55, 0x54, 0x55, 0x35, 0x55, 0x55, 0x55, 0x55, 0x55, 0x55, 0x53, 0x55, 0x55, 0x45, 0x55, 0x55, 0x55, 
0x55, 0x54, 0x54, 0x55, 0x55, 0x55, 0x45, 0x54, 0x54, 0x55, 0x55, 0x55, 0x55, 0x55, 0x55, 0x45, 0x35, 0x55, 0x55, 0x55, 
0x55, 0x55, 0x45, 0x55, 0x55, 0x55, 0x54, 0x45, 0x55, 0x54, 0x55, 0x55, 0x55, 0x54, 0x54, 0x44, 0x55, 0x55, 0x53, 0x53, 
0x55, 0x44, 0x55, 0x55, 0x55, 0x55, 0x55, 0x55, 0x54, 0x55, 0x45, 0x45, 0x55, 0x45, 0x45, 0x55, 0x55, 0x54, 0x55, 0x55, 
0x54, 0x55, 0x55, 0x55, 0x45, 0x54, 0x55, 0x55, 0x55, 0x55, 0x55, 0x55, 0x55, 0x55, 0x55, 0x55, 0x54, 0x45, 0x55, 0x45, 
0x55, 0x55, 0x55, 0x55, 0x44, 0x55, 0x55, 0x54, 0x55, 0x55, 0x45, 0x55, 0x45, 0x55, 0x45, 0x44, 0x55, 0x55, 0x55, 0x54, 
0x45, 0x55, 0x54, 0x54, 0x55, 0x45, 0x55, 0x55, 0x55, 0x55, 0x55, 0x55, 0x55, 0x55, 0x55, 0x53, 0x55, 0x54, 0x55, 0x55, 
0x54, 0x54, 0x55, 0x54, 0x55, 0x55, 0x54, 0x55, 0x45, 0x45, 0x55, 0x55, 0x55, 0x55, 0x55, 0x55, 0x45, 0x55, 0x55, 0x53, 
0x55, 0x55, 0x55, 0x55, 0x44, 0x55, 0x55, 0x54, 0x55, 0x55, 0x55, 0x55, 0x55, 0x55, 0x34, 0x54, 0x55, 0x55, 0x55, 0x54, 
0x52, 0x55, 0x55, 0x45, 0x55, 0x45, 0x55, 0x35, 0x35, 0x55, 0x55, 0x54, 0x55, 0x45, 0x43, 0x55, 0x55, 0x55, 0x45, 0x54, 
0x45, 0x45, 0x55, 0x55, 0x55, 0x55, 0x54, 0x55, 0x55, 0x45, 0x55, 0x55, 0x55, 0x55, 0x44, 0x55, 0x54, 0x55, 0x55, 0x55, 
0x55, 0x35, 0x55, 0x45, 0x55, 0x55, 0x55, 0x55, 0x55, 0x54, 0x55, 0x45, 0x54, 0x35, 0x55, 0x44, 0x55, 0x35, 0x55, 0x55, 
0x54, 0x55, 0x55, 0x55, 0x55, 0x55, 0x55, 0x55, 0x55, 0x45, 0x55, 0x55, 0x54, 0x55, 0x55, 0x44, 0x55, 0x55, 0x54, 0x55, 
0x54, 0x54, 0x54, 0x55, 0x55, 0x44, 0x55, 0x45, 0x54, 0x45, 0x55, 0x55, 0x55, 0x54, 0x35, 0x55, 0x55, 0x55, 0x55, 0x55, 
0x53, 0x55, 0x55, 0x55, 0x55, 0x35, 0x55, 0x53, 0x55, 0x45, 0x55, 0x55, 0x55, 0x53, 0x45, 0x54, 0x55, 0x55, 0x55, 0x54, 
0x25, 0x55, 0x54, 0x55, 0x55, 0x45, 0x54, 0x55, 0x53, 0x54, 0x55, 0x55, 0x55, 0x42, 0x55, 0x55, 0x55, 0x55, 0x45, 0x55, 
0x35, 0x55, 0x55, 0x55, 0x55, 0x54, 0x35, 0x55, 0x55, 0x55, 0x55, 0x54, 0x55, 0x35, 0x55, 0x55, 0x55, 0x55, 0x55, 0x55, 
0x54, 0x55, 0x54, 0x55, 0x54, 0x54, 0x55, 0x55, 0x54, 0x55, 0x53, 0x54, 0x55, 0x55, 0x53, 0x55, 0x55, 0x55, 0x45, 0x54, 
0x54, 0x55, 0x45, 0x55, 0x54, 0x34, 0x55, 0x45, 0x55, 0x55, 0x55, 0x53, 0x55, 0x55, 0x55, 0x55, 0x55, 0x55, 0x54, 0x55, 
0x45, 0x45, 0x55, 0x45, 0x55, 0x45, 0x55, 0x55, 0x55, 0x55, 0x55, 0x55, 0x45, 0x55, 0x45, 0x45, 0x45, 0x54, 0x55, 0x55, 
0x44, 0x45, 0x55, 0x55, 0x55, 0x55, 0x55, 0x55, 0x55, 0x54, 0x54, 0x55, 0x55, 0x55, 0x55, 0x55, 0x35, 0x55, 0x55, 0x55, 
0x55, 0x54, 0x55, 0x55, 0x45, 0x55, 0x55, 0x55, 0x55, 0x54, 0x35, 0x55, 0x55, 0x45, 0x55, 0x54, 0x55, 0x55, 0x55, 0x55, 
0x55, 0x55, 0x44, 0x55, 0x55, 0x55, 0x55, 0x55, 0x55, 0x45, 0x45, 0x55, 0x54, 0x55, 0x55, 0x55, 0x55, 0x45, 0x45, 0x45, 
0x55, 0x55, 0x45, 0x55, 0x55, 0x45, 0x55, 0x54, 0x55, 0x54, 0x55, 0x54, 0x55, 0x55, 0x55, 0x45, 0x55, 0x55, 0x55, 0x55, 
0x55, 0x55, 0x55, 0x55, 0x55, 0x55, 0x45, 0x55, 0x54, 0x55, 0x35, 0x55, 0x44, 0x55, 0x55, 0x55, 0x55, 0x45, 0x55, 0x55, 
0x45, 0x55, 0x55, 0x55, 0x55, 0x55, 0x35, 0x55, 0x55, 0x55, 0x55, 0x55, 0x55, 0x55, 0x54, 0x44, 0x55, 0x55, 0x55, 0x55, 
0x54, 0x55, 0x44, 0x45, 0x44, 0x45, 0x54, 0x55, 0x55, 0x55, 0x55, 0x44, 0x55, 0x55, 0x44, 0x55, 0x54, 0x55, 0x55, 0x55, 
0x55, 0x54, 0x55, 0x55, 0x35, 0x55, 0x55, 0x55, 0x55, 0x54, 0x55, 0x45, 0x55, 0x45, 0x55, 0x55, 0x55, 0x54, 0x55, 0x45, 
0x45, 0x55, 0x55, 0x55, 0x54, 0x55, 0x55, 0x55, 0x55, 0x55, 0x55, 0x55, 0x54, 0x54, 0x35, 0x55, 0x45, 0x55, 0x55, 0x55, 
0x55, 0x45, 0x55, 0x55, 0x53, 0x55, 0x45, 0x55, 0x45, 0x54, 0x45, 0x55, 0x55, 0x55, 0x55, 0x44, 0x55, 0x55, 0x53, 0x55, 
0x54, 0x55, 0x44, 0x45, 0x55, 0x55, 0x54, 0x55, 0x55, 0x45, 0x45, 0x53, 0x55, 0x55, 0x55, 0x53, 0x55, 0x44, 0x55, 0x54, 
0x54, 0x45, 0x55, 0x55, 0x45, 0x55, 0x55, 0x54, 0x55, 0x54, 0x55, 0x55, 0x55, 0x54, 0x55, 0x55, 0x45, 0x55, 0x55, 0x55, 
0x55, 0x55, 0x55, 0x55, 0x55, 0x45, 0x53, 0x55, 0x55, 0x55, 0x55, 0x42, 0x55, 0x55, 0x55, 0x35, 0x55, 0x55, 0x55, 0x45, 
0x55, 0x55, 0x45, 0x45, 0x55, 0x55, 0x54, 0x53, 0x55, 0x55, 0x45, 0x45, 0x53, 0x55, 0x55, 0x45, 0x55, 0x45, 0x55, 0x54, 
0x55, 0x54, 0x55, 0x54, 0x54, 0x54, 0x55, 0x55, 0x53, 0x45, 0x55, 0x55, 0x55, 0x55, 0x55, 0x54, 0x55, 0x55, 0x55, 0x54, 
0x55, 0x55, 0x55, 0x55, 0x55, 0x55, 0x55, 0x45, 0x55, 0x35, 0x55, 0x55, 0x55, 0x55, 0x55, 0x55, 0x55, 0x45, 0x55, 0x54, 
0x55, 0x54, 0x45, 0x55, 0x45, 0x55, 0x55, 0x55, 0x35, 0x44, 0x55, 0x45, 0x35, 0x55, 0x45, 0x54, 0x55, 0x55, 0x45, 0x54, 
0x55, 0x55, 0x45, 0x55, 0x55, 0x55, 0x55, 0x54, 0x55, 0x55, 0x55, 0x55, 0x55, 0x54, 0x54, 0x54, 0x25, 0x54, 0x55, 0x15, 
0x55, 0x55, 0x55, 0x55, 0x55, 0x52, 0x45, 0x55, 0x55, 0x42, 0x55, 0x45, 0x55, 0x55, 0x55, 0x55, 0x55, 0x53, 0x35, 0x55, 
0x55, 0x44, 0x55, 0x54, 0x54, 0x55, 0x54, 0x45, 0x55, 0x55, 0x55, 0x54, 0x55, 0x55, 0x54, 0x54, 0x45, 0x45, 0x54, 0x55, 
0x55, 0x55, 0x55, 0x45, 0x55, 0x55, 0x55, 0x55, 0x55, 0x55, 0x45, 0x54, 0x55, 0x55, 0x55, 0x55, 0x55, 0x54, 0x55, 0x55, 
0x55, 0x55, 0x55, 0x45, 0x55, 0x45, 0x55, 0x55, 0x55, 0x55, 0x55, 0x55, 0x52, 0x54, 0x55, 0x55, 0x55, 0x55, 0x54, 0x53, 
0x55, 0x55, 0x55, 0x45, 0x55, 0x53, 0x55, 0x55, 0x53, 0x55, 0x55, 0x54, 0x44, 0x55, 0x55, 0x55, 0x54, 0x52, 0x55, 0x55, 
0x54, 0x53, 0x55, 0x55, 0x55, 0x55, 0x55, 0x55, 0x55, 0x55, 0x55, 0x35, 0x55, 0x55, 0x35, 0x55, 0x54, 0x55, 0x55, 0x55, 
0x45, 0x55, 0x55, 0x55, 0x55, 0x45, 0x55, 0x55, 0x54, 0x55, 0x55, 0x55, 0x53, 0x55, 0x55, 0x45, 0x55, 0x55, 0x55, 0x55, 
0x55, 0x55, 0x44, 0x55, 0x55, 0x45, 0x45, 0x55, 0x45, 0x55, 0x55, 0x55, 0x55, 0x55, 0x55, 0x55, 0x45, 0x55, 0x55, 0x54, 
0x55, 0x53, 0x45, 0x55, 0x55, 0x55, 0x55, 0x55, 0x55, 0x55, 0x45, 0x55, 0x44, 0x54, 0x55, 0x55, 0x55, 0x54, 0x55, 0x55, 
0x45, 0x55, 0x55, 0x55, 0x55, 0x55, 0x44, 0x45, 0x55, 0x45, 0x55, 0x54, 0x55, 0x55, 0x45, 0x54, 0x55, 0x55, 0x55, 0x55, 
0x55, 0x55, 0x45, 0x55, 0x55, 0x55, 0x55, 0x55, 0x55, 0x55, 0x55, 0x55, 0x55, 0x54, 0x55, 0x55, 0x55, 0x45, 0x45, 0x55, 
0x55, 0x45, 0x45, 0x55, 0x55, 0x55, 0x55, 0x54, 0x55, 0x45, 0x55, 0x55, 0x55, 0x55, 0x55, 0x55, 0x45, 0x55, 0x55, 0x55, 
0x55, 0x55, 0x55, 0x55, 0x55, 0x55, 0x55, 0x35, 0x55, 0x54, 0x55, 0x54, 0x55, 0x45, 0x55, 0x55, 0x55, 0x45, 0x55, 0x54, 
0x55, 0x53, 0x55, 0x55, 0x44, 0x55, 0x54, 0x54, 0x55, 0x55, 0x43, 0x45, 0x55, 0x44, 0x54, 0x55, 0x55, 0x45, 0x53, 0x55, 
0x55, 0x55, 0x35, 0x54, 0x55, 0x54, 0x55, 0x55, 0x55, 0x55, 0x55, 0x45, 0x54, 0x44, 0x55, 0x55, 0x55, 0x55, 0x55, 0x45, 
0x45, 0x55, 0x45, 0x54, 0x55, 0x55, 0x54, 0x55, 0x55, 0x54, 0x45, 0x55, 0x55, 0x55, 0x54, 0x55, 0x55, 0x55, 0x54, 0x55, 
0x55, 0x55, 0x45, 0x55, 0x45, 0x54, 0x55, 0x55, 0x54, 0x55, 0x55, 0x35, 0x55, 0x55, 0x55, 0x55, 0x54, 0x55, 0x35, 0x55, 
0x55, 0x55, 0x54, 0x54, 0x44, 0x55, 0x55, 0x55, 0x55, 0x45, 0x55, 0x45, 0x55, 0x55, 0x55, 0x54, 0x55, 0x55, 0x55, 0x45, 
0x45, 0x55, 0x55, 0x55, 0x55, 0x54, 0x55, 0x55, 0x55, 0x53, 0x55, 0x55, 0x44, 0x45, 0x55, 0x35, 0x55, 0x55, 0x55, 0x55, 
0x54, 0x54, 0x55, 0x54, 0x55, 0x45, 0x55, 0x55, 0x55, 0x44, 0x55, 0x55, 0x43, 0x54, 0x45, 0x55, 0x45, 0x45, 0x55, 0x45, 
0x55, 0x55, 0x53, 0x35, 0x55, 0x55, 0x55, 0x55, 0x55, 0x55, 0x55, 0x55, 0x55, 0x55, 0x53, 0x45, 0x55, 0x52, 0x54, 0x55, 
0x54, 0x35, 0x55, 0x45, 0x54, 0x55, 0x55, 0x55, 0x45, 0x55, 0x55, 0x55, 0x55, 0x45, 0x55, 0x45, 0x55, 0x55, 0x43, 0x55, 
0x54, 0x55, 0x55, 0x55, 0x45, 0x55, 0x45, 0x55, 0x45, 0x45, 0x55, 0x45, 0x55, 0x55, 0x55, 0x55, 0x55, 0x35, 0x55, 0x55, 
0x45, 0x55, 0x55, 0x54, 0x55, 0x55, 0x35, 0x45, 0x54, 0x55, 0x54, 0x55, 0x55, 0x55, 0x55, 0x54, 0x45, 0x44, 0x45, 0x54, 
0x55, 0x55, 0x55, 0x55, 0x55, 0x55, 0x55, 0x54, 0x55, 0x55, 0x45, 0x55, 0x35, 0x55, 0x55, 0x55, 0x55, 0x54, 0x54, 0x55, 
0x55, 0x55, 0x55, 0x54, 0x55, 0x45, 0x55, 0x55, 0x55, 0x55, 0x45, 0x55, 0x55, 0x55, 0x55, 0x55, 0x55, 0x55, 0x54, 0x45, 
0x54, 0x54, 0x55, 0x55, 0x55, 0x55, 0x55, 0x55, 0x54, 0x55, 0x55, 0x54, 0x45, 0x55, 0x55, 0x55, 0x53, 0x45, 0x55, 0x45, 
0x54, 0x35, 0x55, 0x55, 0x44, 0x55, 0x55, 0x55, 0x45, 0x45, 0x55, 0x55, 0x54, 0x54, 0x45, 0x55, 0x54, 0x45, 0x55, 0x55, 
0x45, 0x53, 0x45, 0x45, 0x55, 0x55, 0x55, 0x55, 0x35, 0x54, 0x55, 0x54, 0x54, 0x55, 0x55, 0x55, 0x53, 0x53, 0x55, 0x55, 
0x55, 0x55, 0x54, 0x55, 0x55, 0x55, 0x55, 0x55, 0x44, 0x55, 0x54, 0x55, 0x54, 0x55, 0x44, 0x55, 0x54, 0x55, 0x44, 0x55, 
0x54, 0x45, 0x55, 0x55, 0x55, 0x55, 0x55, 0x53, 0x55, 0x45, 0x55, 0x54, 0x55, 0x54, 0x45, 0x45, 0x55, 0x45, 0x55, 0x45, 
0x55, 0x55, 0x55, 0x55, 0x55, 0x45, 0x55, 0x55, 0x55, 0x55, 0x55, 0x54, 0x55, 0x45, 0x55, 0x54, 0x55, 0x55, 0x54, 0x55, 
0x54, 0x54, 0x55, 0x55, 0x55, 0x55, 0x55, 0x55, 0x55, 0x55, 0x55, 0x55, 0x55, 0x55, 0x55, 0x54, 0x55, 0x55, 0x55, 0x54, 
0x45, 0x55, 0x55, 0x55, 0x45, 0x55, 0x55, 0x55, 0x45, 0x55, 0x55, 0x55, 0x54, 0x54, 0x35, 0x35, 0x55, 0x55, 0x55, 0x55, 
0x55, 0x45, 0x55, 0x55, 0x55, 0x55, 0x44, 0x55, 0x55, 0x55, 0x54, 0x45, 0x54, 0x54, 0x55, 0x55, 0x45, 0x45, 0x55, 0x45, 
0x53, 0x55, 0x55, 0x55, 0x54, 0x55, 0x54, 0x55, 0x55, 0x45, 0x55, 0x55, 0x55, 0x55, 0x55, 0x55, 0x55, 0x45, 0x54, 0x44, 
0x55, 0x55, 0x45, 0x45, 0x54, 0x45, 0x45, 0x55, 0x45, 0x53, 0x55, 0x55, 0x54, 0x55, 0x55, 0x55, 0x45, 0x55, 0x55, 0x55, 
0x45, 0x55, 0x53, 0x55, 0x55, 0x54, 0x55, 0x55, 0x55, 0x45, 0x55, 0x55, 0x45, 0x25, 0x55, 0x45, 0x55, 0x55, 0x55, 0x53, 
0x55, 0x55, 0x55, 0x55, 0x55, 0x55, 0x35, 0x55, 0x55, 0x55, 0x35, 0x55, 0x55, 0x55, 0x45, 0x55, 0x55, 0x45, 0x44, 0x55, 
0x55, 0x45, 0x55, 0x55, 0x55, 0x55, 0x55, 0x55, 0x55, 0x35, 0x55, 0x45, 0x54, 0x45, 0x55, 0x55, 0x54, 0x55, 0x54, 0x55, 
0x45, 0x55, 0x55, 0x55, 0x55, 0x54, 0x45, 0x55, 0x55, 0x55, 0x55, 0x55, 0x55, 0x55, 0x55, 0x54, 0x44, 0x55, 0x55, 0x55, 
0x55, 0x55, 0x55, 0x54, 0x45, 0x55, 0x55, 0x55, 0x55, 0x55, 0x55, 0x55, 0x45, 0x45, 0x55, 0x53, 0x55, 0x54, 0x55, 0x45, 
0x54, 0x55, 0x55, 0x53, 0x55, 0x52, 0x54, 0x55, 0x55, 0x55, 0x54, 0x55, 0x55, 0x53, 0x55, 0x35, 0x55, 0x55, 0x45, 0x54, 
0x53, 0x55, 0x44, 0x55, 0x55, 0x45, 0x55, 0x55, 0x55, 0x54, 0x55, 0x55, 0x54, 0x54, 0x54, 0x54, 0x55, 0x45, 0x55, 0x35, 
0x55, 0x45, 0x55, 0x55, 0x45, 0x55, 0x35, 0x45, 0x55, 0x54, 0x55, 0x55, 0x54, 0x55, 0x55, 0x55, 0x55, 0x53, 0x55, 0x54, 
0x54, 0x44, 0x45, 0x45, 0x55, 0x55, 0x55, 0x55, 0x55, 0x55, 0x55, 0x54, 0x45, 0x55, 0x55, 0x55, 0x55, 0x55, 0x55, 0x55, 
0x54, 0x54, 0x55, 0x54, 0x55, 0x55, 0x55, 0x55, 0x45, 0x55, 0x55, 0x55, 0x54, 0x45, 0x55, 0x55, 0x55, 0x55, 0x55, 0x55, 
0x55, 0x55, 0x55, 0x54, 0x55, 0x55, 0x55, 0x55, 0x55, 0x55, 0x55, 0x55, 0x55, 0x55, 0x45, 0x35, 0x55, 0x45, 0x55, 0x55, 
0x55, 0x55, 0x55, 0x55, 0x55, 0x45, 0x45, 0x55, 0x55, 0x55, 0x55, 0x54, 0x55, 0x44, 0x44, 0x55, 0x55, 0x55, 0x55, 0x54, 
0x55, 0x55, 0x55, 0x54, 0x55, 0x35, 0x55, 0x55, 0x55, 0x54, 0x55, 0x55, 0x55, 0x55, 0x55, 0x55, 0x54, 0x55, 0x55, 0x55, 
0x45, 0x54, 0x55, 0x55, 0x54, 0x55, 0x54, 0x45, 0x54, 0x55, 0x55, 0x55, 0x54, 0x55, 0x55, 0x55, 0x55, 0x55, 0x54, 0x55, 
0x45, 0x35, 0x54, 0x54, 0x52, 0x55, 0x55, 0x55, 0x54, 0x45, 0x55, 0x55, 0x55, 0x54, 0x43, 0x55, 0x55, 0x55, 0x55, 0x55, 
0x55, 0x55, 0x53, 0x53, 0x55, 0x55, 0x55, 0x55, 0x55, 0x45, 0x55, 0x45, 0x55, 0x55, 0x54, 0x54, 0x55, 0x55, 0x54, 0x55, 
0x55, 0x54, 0x55, 0x55, 0x54, 0x55, 0x55, 0x55, 0x55, 0x54, 0x55, 0x54, 0x55, 0x45, 0x55, 0x54, 0x55, 0x55, 0x55, 0x55, 
0x55, 0x55, 0x55, 0x55, 0x55, 0x55, 0x55, 0x55, 0x55, 0x54, 0x54, 0x55, 0x55, 0x55, 0x55, 0x55, 0x54, 0x45, 0x55, 0x54, 
0x55, 0x55, 0x55, 0x35, 0x55, 0x55, 0x55, 0x55, 0x55, 0x55, 0x55, 0x55, 0x55, 0x45, 0x54, 0x54, 0x55, 0x45, 0x55, 0x55, 
0x45, 0x55, 0x55, 0x54, 0x54, 0x55, 0x55, 0x45, 0x55, 0x53, 0x55, 0x55, 0x55, 0x54, 0x55, 0x55, 0x45, 0x55, 0x55, 0x55, 
0x54, 0x54, 0x55, 0x55, 0x55, 0x55, 0x45, 0x55, 0x45, 0x55, 0x55, 0x45, 0x55, 0x54, 0x54, 0x55, 0x55, 0x55, 0x55, 0x45, 
0x55, 0x54, 0x54, 0x55, 0x55, 0x55, 0x55, 0x44, 0x55, 0x55, 0x55, 0x55, 0x55, 0x55, 0x55, 0x55, 0x55, 0x45, 0x55, 0x55, 
0x55, 0x55, 0x55, 0x55, 0x55, 0x55, 0x55, 0x55, 0x55, 0x54, 0x55, 0x45, 0x55, 0x54, 0x55, 0x55, 0x55, 0x55, 0x45, 0x55, 
0x55, 0x55, 0x55, 0x55, 0x45, 0x55, 0x55, 0x54, 0x55, 0x55, 0x55, 0x55, 0x55, 0x55, 0x55, 0x55, 0x53, 0x55, 0x55, 0x45, 
0x55, 0x55, 0x55, 0x55, 0x55, 0x54, 0x54, 0x55, 0x55, 0x55, 0x54, 0x55, 0x55, 0x54, 0x55, 0x55, 0x45, 0x55, 0x45, 0x54, 
0x55, 0x55, 0x45, 0x55, 0x55, 0x55, 0x54, 0x55, 0x54, 0x54, 0x54, 0x55, 0x55, 0x55, 0x55, 0x53, 0x55, 0x45, 0x45, 0x35, 
0x55, 0x54, 0x55, 0x44, 0x55, 0x54, 0x55, 0x54, 0x55, 0x45, 0x54, 0x55, 0x55, 0x35, 0x55, 0x55, 0x55, 0x55, 0x55, 0x25, 
0x55, 0x55, 0x55, 0x55, 0x54, 0x55, 0x55, 0x55, 0x54, 0x55, 0x35, 0x55, 0x55, 0x35, 0x55, 0x55, 0x55, 0x54, 0x55, 0x54, 
0x55, 0x55, 0x54, 0x55, 0x45, 0x55, 0x54, 0x55, 0x35, 0x55, 0x55, 0x55, 0x45, 0x55, 0x54, 0x55, 0x44, 0x55, 0x55, 0x55, 
0x55, 0x54, 0x55, 0x45, 0x45, 0x55, 0x55, 0x55, 0x55, 0x53, 0x55, 0x45, 0x54, 0x55, 0x55, 0x54, 0x55, 0x54, 0x45, 0x55, 
0x55, 0x45, 0x55, 0x55, 0x53, 0x55, 0x45, 0x55, 0x54, 0x45, 0x55, 0x54, 0x35, 0x55, 0x55, 0x55, 0x54, 0x55, 0x54, 0x55, 
0x44, 0x55, 0x55, 0x55, 0x55, 0x53, 0x54, 0x55, 0x55, 0x45, 0x55, 0x55, 0x45, 0x55, 0x54, 0x55, 0x54, 0x54, 0x55, 0x55, 
0x55, 0x55, 0x55, 0x45, 0x55, 0x35, 0x55, 0x55, 0x55, 0x55, 0x54, 0x55, 0x54, 0x55, 0x55, 0x55, 0x55, 0x55, 0x55, 0x45, 
0x45, 0x55, 0x55, 0x45, 0x55, 0x54, 0x35, 0x55, 0x55, 0x55, 0x45, 0x55, 0x55, 0x55, 0x55, 0x55, 0x45, 0x44, 0x54, 0x55, 
0x55, 0x45, 0x45, 0x55, 0x55, 0x45, 0x45, 0x55, 0x55, 0x55, 0x55, 0x55, 0x54, 0x55, 0x55, 0x54, 0x55, 0x55, 0x55, 0x55, 
0x55, 0x55, 0x55, 0x54, 0x55, 0x55, 0x55, 0x55, 0x54, 0x55, 0x55, 0x55, 0x55, 0x55, 0x45, 0x55, 0x54, 0x54, 0x55, 0x55, 
0x45, 0x55, 0x55, 0x55, 0x55, 0x55, 0x45, 0x54, 0x55, 0x45, 0x45, 0x54, 0x45, 0x54, 0x44, 0x55, 0x55, 0x45, 0x55, 0x54, 
0x55, 0x55, 0x35, 0x55, 0x55, 0x55, 0x55, 0x55, 0x55, 0x55, 0x55, 0x55, 0x54, 0x45, 0x55, 0x55, 0x55, 0x55, 0x55, 0x55, 
0x44, 0x55, 0x55, 0x55, 0x55, 0x45, 0x55, 0x55, 0x55, 0x55, 0x55, 0x55, 0x55, 0x45, 0x54, 0x55, 0x55, 0x55, 0x55, 0x55, 
0x45, 0x54, 0x45, 0x55, 0x55, 0x55, 0x55, 0x45, 0x55, 0x55, 0x55, 0x55, 0x55, 0x55, 0x55, 0x55, 0x55, 0x55, 0x44, 0x55, 
0x55, 0x55, 0x55, 0x54, 0x45, 0x55, 0x55, 0x55, 0x54, 0x55, 0x55, 0x44, 0x55, 0x55, 0x55, 0x55, 0x55, 0x55, 0x55, 0x54, 
0x55, 0x35, 0x55, 0x55, 0x54, 0x55, 0x45, 0x55, 0x54, 0x55, 0x44, 0x55, 0x55, 0x55, 0x55, 0x45, 0x45, 0x55, 0x55, 0x55, 
0x55, 0x55, 0x55, 0x55, 0x35, 0x55, 0x55, 0x54, 0x55, 0x45, 0x54, 0x55, 0x55, 0x55, 0x55, 0x55, 0x45, 0x55, 0x55, 0x55, 
0x55, 0x55, 0x54, 0x55, 0x55, 0x45, 0x54, 0x55, 0x55, 0x55, 0x55, 0x55, 0x55, 0x45, 0x55, 0x55, 0x55, 0x54, 0x35, 0x55, 
0x55, 0x45, 0x55, 0x55, 0x55, 0x45, 0x54, 0x55, 0x55, 0x55, 0x45, 0x54, 0x55, 0x55, 0x55, 0x55, 0x35, 0x55, 0x55, 0x55, 
0x45, 0x54, 0x45, 0x55, 0x55, 0x54, 0x55, 0x55, 0x54, 0x45, 0x55, 0x55, 0x55, 0x55, 0x54, 0x55, 0x55, 0x54, 0x55, 0x55, 
0x45, 0x55, 0x55, 0x35, 0x55, 0x45, 0x55, 0x55, 0x55, 0x55, 0x45, 0x54, 0x55, 0x45, 0x54, 0x55, 0x45, 0x54, 0x55, 0x55, 
0x54, 0x45, 0x55, 0x55, 0x55, 0x45, 0x55, 0x55, 0x35, 0x55, 0x55, 0x55, 0x54, 0x54, 0x55, 0x55, 0x55, 0x45, 0x55, 0x55, 
0x55, 0x55, 0x55, 0x54, 0x55, 0x45, 0x55, 0x55, 0x45, 0x55, 0x55, 0x55, 0x45, 0x55, 0x55, 0x45, 0x55, 0x55, 0x55, 0x55, 
0x55, 0x55, 0x55, 0x45, 0x55, 0x54, 0x55, 0x45, 0x55, 0x55, 0x35, 0x55, 0x55, 0x55, 0x55, 0x55, 0x55, 0x55, 0x55, 0x55, 
0x55, 0x54, 0x55, 0x55, 0x54, 0x45, 0x55, 0x55, 0x55, 0x55, 0x55, 0x54, 0x55, 0x55, 0x55, 0x55, 0x55, 0x55, 0x45, 0x55, 
0x54, 0x55, 0x55, 0x55, 0x55, 0x55, 0x54, 0x55, 0x55, 0x54, 0x54, 0x45, 0x54, 0x45, 0x55, 0x55, 0x55, 0x55, 0x55, 0x55, 
0x55, 0x55, 0x55, 0x55, 0x45, 0x55, 0x55, 0x55, 0x55, 0x55, 0x55, 0x55, 0x55, 0x44, 0x55, 0x55, 0x55, 0x55, 0x55, 0x45, 
0x54, 0x55, 0x55, 0x45, 0x55, 0x55, 0x55, 0x55, 0x55, 0x55, 0x55, 0x55, 0x54, 0x44, 0x55, 0x55, 0x55, 0x55, 0x55, 0x55, 
0x55, 0x55, 0x55, 0x45, 0x44, 0x55, 0x54, 0x55, 0x44, 0x54, 0x44, 0x55, 0x55, 0x55, 0x55, 0x55, 0x55, 0x55, 0x55, 0x53, 
0x54, 0x55, 0x55, 0x53, 0x55, 0x55, 0x55, 0x55, 0x54, 0x55, 0x55, 0x55, 0x55, 0x55, 0x45, 0x55, 0x45, 0x55, 0x55, 0x54, 
0x55, 0x45, 0x55, 0x55, 0x53, 0x55, 0x55, 0x55, 0x55, 0x45, 0x44, 0x54, 0x55, 0x55, 0x55, 0x55, 0x55, 0x54, 0x55, 0x55, 
0x54, 0x55, 0x55, 0x45, 0x55, 0x45, 0x54, 0x55, 0x55, 0x55, 0x54, 0x55, 0x45, 0x55, 0x45, 0x55, 0x55, 0x55, 0x55, 0x55, 
0x55, 0x55, 0x55, 0x55, 0x55, 0x55, 0x55, 0x55, 0x45, 0x55, 0x54, 0x55, 0x55, 0x55, 0x55, 0x45, 0x54, 0x55, 0x55, 0x55, 
0x54, 0x55, 0x44, 0x55, 0x55, 0x55, 0x45, 0x55, 0x35, 0x55, 0x55, 0x55, 0x55, 0x55, 0x55, 0x55, 0x54, 0x55, 0x55, 0x55, 
0x55, 0x55, 0x55, 0x45, 0x55, 0x55, 0x55, 0x55, 0x55, 0x55, 0x55, 0x55, 0x55, 0x45, 0x55, 0x55, 0x55, 0x55, 0x45, 0x55, 
0x55, 0x55, 0x55, 0x55, 0x45, 0x55, 0x55, 0x55, 0x45, 0x55, 0x55, 0x55, 0x45, 0x55, 0x55, 0x55, 0x55, 0x54, 0x55, 0x55, 
0x55, 0x55, 0x54, 0x55, 0x55, 0x54, 0x55, 0x55, 0x55, 0x55, 0x55, 0x55, 0x54, 0x55, 0x55, 0x55, 0x55, 0x55, 0x33, 0x55, 
0x25, 0x54, 0x55, 0x55, 0x55, 0x43, 0x54, 0x55, 0x35, 0x53, 0x55, 0x55, 0x55, 0x55, 0x55, 0x55, 0x45, 0x45, 0x55, 0x55, 
0x55, 0x55, 0x55, 0x55, 0x55, 0x55, 0x55, 0x55, 0x55, 0x55, 0x55, 0x45, 0x55, 0x55, 0x55, 0x55, 0x55, 0x55, 0x54, 0x55, 
0x55, 0x55, 0x55, 0x55, 0x55, 0x54, 0x55, 0x55, 0x54, 0x55, 0x55, 0x55, 0x55, 0x45, 0x55, 0x55, 0x55, 0x55, 0x45, 0x54, 
0x55, 0x55, 0x55, 0x55, 0x55, 0x55, 0x55, 0x55, 0x55, 0x54, 0x55, 0x55, 0x55};
